V1,V2
HEY1,NOTCH1
HEY2,NOTCH1
BRCA1,WEE1
BRCA2,CDK9
FNTA,TOP1
CHEK1,IGF1R
CHEK1,VEGFA
CHEK1,PTEN
KDM5C,MAP3K1
BRCA1,CDH1
CDK9,RRM2
ALK,CDK9
BRCA2,KDM5C
BRCA1,BRD4
BRCA1,PDGFRA
BRCA2,HDAC6
ATM,SETD2
ARID2,RRM2
BRCA2,SMARCB1
IGF1R,PRKDC
PRKDC,RRM2
HDAC6,KDM5C
PARP1,RRM2
BRCA1,VEGFA
ARID1A,TOP1
MTOR,PDGFRA
BRD4,PTEN
PDGFRA,TOP1
BRD4,FGFR3
ROR1,TOP1
KDM5C,TSC1
PBRM1,TOP1
BRCA1,PARP1
MTOR,PRKDC
APC,CDK9
CHEK1,MTOR
BRD4,KDM5C
SMARCA4,SMARCB1
BRCA1,FLT3
CDKN2A,RRM2
HDAC6,IGF1R
CHEK2,ERBB2
BRD4,DHFR
BRCA1,FNTA
KDM5C,MTOR
ROR1,SMARCB1
BRD4,RB1
CHEK1,SMO
CDK9,SMARCB1
BRCA1,RUNX1
KDM5C,WEE1
ATM,KDM6A
TOP1,TSC1
MAP3K1,VHL
SMAD4,WEE1
CHEK1,PARP1
IGF1R,MTOR
ERBB2,TOP1
CDKN2A,IGF1R
HDAC6,PBRM1
ATM,SMO
CHEK1,PRKDC
PRKDC,VHL
CHEK1,TYMS
CHEK1,PIK3CA
CHEK1,SMARCA4
GATA3,WEE1
ADA,CHEK1
PIK3CA,RRM2
RRM2,WEE1
CDK9,RUNX1
CDK9,ROR1
AKT1,CHEK1
CDK4,VHL
TSC1,VHL
CHEK1,VHL
APC,VHL
CASP8,CHEK1
CASP8,CDK9
CDKN1B,VHL
KDM5C,VHL
ARID2,VHL
ARID1A,CHEK1
CDK4,HDAC1
JAK2,PIK3R1
PTEN,VHL
BRCA1,CHEK1
ATM,VHL
MTOR,SMAD4
PIK3R1,WEE1
BRAF,FGFR2
BRD4,MAP2K1
PDGFRA,VHL
BRAF,BRCA2
BRAF,VHL
CHEK1,MAP2K1
RRM2,VHL
HSP90AA1,WEE1
HSP90AA1,VHL
FGFR2,MAP3K1
KDM6A,MSH6
CDK9,PIK3CA
BRAF,FNTA
CDK9,SMAD4
CDKN1B,IGF1R
CDK9,CHEK1
ARID1A,VHL
ATM,CHEK1
CHEK2,KMT2D
MAP2K1,VHL
CHEK1,SRC
MTOR,TOP1
CDK4,PRKDC
AKT1,PRKDC
PIK3R1,VHL
CDK4,CHEK2
CASP8,MTOR
HDAC2,SMARCA4
HDAC6,PIK3CA
APC,SMARCB1
MTOR,PTEN
FGFR3,VHL
BRCA1,TOP1
PDGFRA,RRM2
FGFR3,FNTA
SMARCB1,VHL
BRAF,HDAC2
FNTA,KDM6A
BRCA1,RB1
CDK6,VHL
ERBB2,RRM2
KIT,RPS6KB1
BRAF,PIK3CA
RPS6KB1,RRM2
BRCA1,HDAC2
HDAC2,MAP2K1
CDK9,PDGFRA
ROR1,VHL
CASP8,VHL
PBRM1,VHL
RPS6KB1,VHL
CDK4,ERBB2
ABL1,RPS6KB1
CDK9,PRKDC
CDK6,FGFR3
HDAC2,VHL
FLT3,VHL
CHEK1,MET
CASP8,CDKN1B
BCL2,CDK4
CDK4,TOP1
VEGFA,VHL
ERBB2,SRC
BRAF,EGFR
AARS2,PSMB6
AATF,MCM3AP
ABCB7,HSCB
ABCB7,LONP1
ABCB7,MED23
ABCB7,MINOS1
ABCB7,NUBP1
ABCB7,ORAOV1
ABCB7,PITRM1
ABCB7,TAF2
ACTL6A,ARL2
ACTL6A,LEO1
ACTL6A,MRPL22
ACTL6A,MRPS11
ACTR10,ANAPC13
ACTR10,CENPW
ACTR10,CEP152
ACTR10,COPS2
ACTR10,DCTN4
ACTR10,DYNC1H1
ACTR10,CEP295
ACTR10,PAFAH1B1
ACTR10,POLN
ACTR10,PPP2R1A
ACTR10,SGOL1
ACTR10,SKA3
ACTR10,TRA2B
ACTR10,ZNF574
ADAT2,ARL2
ADAT2,USE1
ADPRM,GTF2H4
ADPRM,XPO1
AFG3L2,COA3
AFG3L2,MINOS1
AFG3L2,NDUFA8
AFG3L2,NDUFB1
AFG3L2,NDUFB4
AFG3L2,PITRM1
AFG3L2,TAZ
ANAPC13,ARL2
ANAPC13,BOD1L1
ANAPC13,CCNK
ANAPC13,CDC16
ANAPC13,CDC23
ANAPC13,CDC26
ANAPC13,CDC27
ANAPC13,CDK12
ANAPC13,CENPK
ANAPC13,CENPM
ANAPC13,CENPW
ANAPC13,CEP152
ANAPC13,CEP63
ANAPC13,CIRH1A
ANAPC13,CKAP5
ANAPC13,COPS2
ANAPC13,COPS4
ANAPC13,COPS5
ANAPC13,DHODH
ANAPC13,DICER1
ANAPC13,ELP4
ANAPC13,GNL3L
ANAPC13,HUS1
ANAPC13,IMPDH2
ANAPC13,CEP295
ANAPC13,MBTPS2
ANAPC13,MCM3AP
ANAPC13,MRPL19
ANAPC13,NAA50
ANAPC13,NUBP1
ANAPC13,NUP54
ANAPC13,PAFAH1B1
ANAPC13,PELO
ANAPC13,PNN
ANAPC13,PPP2R1A
ANAPC13,RPL28
ANAPC13,RPL36A
ANAPC13,SAP18
ANAPC13,SDHC
ANAPC13,SGOL1
ANAPC13,SKA3
ANAPC13,SMNDC1
ANAPC13,SPAG7
ANAPC13,TCOF1
ANAPC13,TIPIN
ANAPC13,TRA2B
ANAPC13,TUBB
ANAPC13,UBA3
ANAPC13,ZNF574
APOOL,FIP1L1
APOOL,OPA1
APOOL,TRNAU1AP
ARGLU1,MRPL22
ARIH1,ATP6AP1
ARIH1,DICER1
ARIH1,FDPS
ARIH1,HUS1
ARIH1,PPP2R1A
ARIH1,RPL10
ARIH1,TIMELESS
ARIH1,TIPIN
ARIH1,ZNF574
ARL2,AURKA
ARL2,C6orf203
ARL2,CDC16
ARL2,CDC23
ARL2,CDC27
ARL2,CENPM
ARL2,CENPW
ARL2,CEP152
ARL2,CEP192
ARL2,CEP63
ARL2,CTNNBL1
ARL2,EIF6
ARL2,KDM1A
ARL2,CEP295
ARL2,LEO1
ARL2,NFYC
ARL2,NUP43
ARL2,PAFAH1B1
ARL2,PDCD7
ARL2,POLN
ARL2,PPCS
ARL2,PPIE
ARL2,PPP2R1A
ARL2,PPWD1
ARL2,PSMD6
ARL2,PTTG1
ARL2,RPL11
ARL2,RPL23
ARL2,RPLP1
ARL2,SGOL1
ARL2,SKA3
ARL2,TAF2
ARL2,UBA3
ARL2,USE1
ARL2,WDR61
ARL2,WDR70
ARL2,ZMAT5
ARL2,ZNF574
ASCC3,BTF3
ASCC3,CDK12
ASCC3,DNA2
ASCC3,GFI1B
ASCC3,CEP295
ASCC3,LEO1
ASCC3,MBTPS2
ASCC3,METAP2
ASCC3,NUDC
ASCC3,RBM25
ASCC3,RINT1
ASCC3,RPLP1
ASCC3,SEC22B
ASCC3,SRP19
ASCC3,USE1
ASCC3,WDR61
ASCC3,WDR7
ASNA1,ATP6AP1
ASNA1,CAMLG
ASNA1,CDK12
ASNA1,COG3
ASNA1,CYB5B
ASNA1,GTF3C3
ASNA1,KIF14
ASNA1,LEO1
ASNA1,MBTPS2
ASNA1,NUDC
ASNA1,POLR3A
ASNA1,POLR3B
ASNA1,SEC22B
ASNA1,SRP19
ASNA1,TAF2
ASNA1,WDR61
ASNA1,WDR7
ATP1A1,MRPL27
ATP1A1,MRPS11
ATP1A1,MRPS14
ATP1A1,NDUFB2
ATP1A1,PDSS2
ATP1A1,TCOF1
ATP1A1,ZNF574
ATP5A1,MTOR
ATP5A1,PITRM1
ATP5A1,PSMD1
ATP5A1,ROMO1
ATP5F1,TCOF1
ATP5F1,WDR77
ATP5J2,EIF3H
ATP5J2,MAPKAP1
ATP6AP1,EMC1
ATP6AP1,EMC2
ATP6AP1,EMC4
ATP6AP1,EMC6
ATP6AP1,EMC7
ATP6AP1,FDPS
ATP6AP1,GFI1B
ATP6AP1,GTF3C3
ATP6AP1,MBTPS2
ATP6AP1,NUDC
ATP6AP1,PSMD12
ATP6AP1,RBM25
ATP6AP1,SCYL1
ATP6AP1,VPS72
ATP6AP1,WDR7
ATP6V1G1,CMAS
ATP6V1G1,COG3
ATP6V1G1,FDPS
ATP6V1G1,MBTPS2
ATP6V1G1,NUDC
ATP6V1G1,SLC35A1
ATP6V1G1,SNRPG
ATP6V1G1,VPS72
ATP6V1G1,WDR7
ATXN10,AURKA
ATXN10,GINS4
ATXN10,MED14
AURKA,C14orf178
AURKA,CENPK
AURKA,COPS4
AURKA,CTNNBL1
AURKA,EMC1
AURKA,CEP295
AURKA,MBTPS2
AURKA,PITRM1
AURKA,PMF1
AURKA,PNISR
AURKA,PTTG1
AURKA,RPL35
AURKA,SRFBP1
AURKA,TCOF1
AURKA,UBA2
BDP1,FDPS
BDP1,ZNF574
BNIP1,CAMLG
BNIP1,EXOSC2
BNIP1,FDPS
BNIP1,LEO1
BNIP1,MED23
BNIP1,PPP2R1A
BNIP1,RINT1
BNIP1,SSB
BNIP1,TAF2
BNIP1,TIMELESS
BNIP1,VPS4A
BNIP1,WDR61
BNIP1,WDR7
BOD1L1,CENPK
BOD1L1,CENPM
BOD1L1,CEP63
BOD1L1,COPS4
BOD1L1,DUT
BOD1L1,FDPS
BOD1L1,GFER
BOD1L1,HUS1
BOD1L1,LEO1
BOD1L1,MBTPS2
BOD1L1,MCM3AP
BOD1L1,MZT1
BOD1L1,NDUFB1
BOD1L1,NUDC
BOD1L1,PDCD7
BOD1L1,PSMD1
BOD1L1,RPA3
BOD1L1,SCYL1
BOD1L1,SEC22B
BOD1L1,WDR61
BOD1L1,ZMAT5
BOD1L1,ZNF830
BTF3,CMAS
BTF3,KCTD10
BUB1B,CENPK
BUB1B,CENPM
BUB1B,EXOSC2
BUB1B,CEP295
BUB1B,LEO1
BUB1B,NAA50
BUB1B,PPP2R1A
BUB1B,PTTG1
BUB1B,SCYL1
BUB1B,SKA3
BUB1B,TUBB
BUB1B,WDR61
BUB1B,ZWINT
BUB3,CENPK
BUB3,CENPM
BUB3,ZWINT
C11orf30,MED23
C14orf178,INTS5
C14orf178,MAPKAP1
C14orf178,PAXBP1
C14orf178,PELO
C14orf2,RPL30
C6orf203,CDK1
C6orf203,INTS3
C6orf203,MED17
C6orf203,MED23
C6orf203,MRPL19
C6orf203,MRPS14
C9orf114,CENPP
C9orf114,DCTN4
C9orf114,LEO1
C9orf114,TCOF1
CACTIN,HUS1
CACTIN,LEO1
CACTIN,MAPKAP1
CACTIN,MRPL22
CACTIN,PELO
CACTIN,POLD3
CACTIN,PRPF18
CACTIN,TIMELESS
CAMLG,FIP1L1
CAMLG,INTS5
CAMLG,KIF14
CAMLG,LEO1
CAMLG,MBTPS2
CAMLG,NUDC
CAMLG,POLR3A
CAMLG,SRP19
CAMLG,WDR7
CAPZB,CEP152
CAPZB,CEP295
CAPZB,LEO1
CAPZB,MBTPS2
CAPZB,PAFAH1B1
CAPZB,RPL36A
CAPZB,TAF2
CAPZB,XRN2
CAPZB,ZNF574
CARS,XRN2
CARS2,DONSON
CARS2,MED14
CARS2,PGK1
CARS2,PSMB6
CARS2,PSMD4
CCDC84,GEMIN2
CCDC84,METTL17
CCDC84,PDCD7
CCDC84,RAE1
CCDC84,RBM17
CCDC84,SGOL1
CCDC84,SKA3
CCDC84,SMNDC1
CCDC84,SNRPD3
CCDC84,ZMAT5
CCNK,CHMP2A
CCNK,FDPS
CCNK,LEO1
CCNK,MED23
CCNK,PPP2R1A
CCNK,ZNF574
CDC16,DHODH
CDC16,LEO1
CDC16,NCBP1
CDC16,NEMF
CDC16,TCOF1
CDC23,CENPK
CDC23,LEO1
CDC23,NFYC
CDC23,POLN
CDC23,WDR61
CDC27,CENPK
CDC27,CENPW
CDC27,EIF3H
CDC27,GFI1B
CDC27,GTF3C3
CDC27,LEO1
CDC27,POLN
CDC27,SKA3
CDC27,WDR61
CDC27,XRN2
CDC40,MFAP1
CDC40,PPP2R1A
CDC40,XRN2
CDC73,LEO1
CDCA8,CENPM
CDCA8,EIF3C
CDCA8,FAM208A
CDCA8,NUDC
CDCA8,SCYL1
CDCA8,SSB
CDCA8,TCOF1
CDCA8,TUBB
CDCA8,UBA2
CDK1,LEO1
CDK1,MFAP1
CDK1,MINOS1
CDK1,PELO
CDK1,SGOL1
CDK1,TUBB
CDK12,CHMP2A
CDK12,EXOSC2
CDK12,FDPS
CDK12,GNL3L
CDK12,LEO1
CDK12,MED1
CDK12,PPP2R1A
CDK12,PSMD1
CENPK,CENPM
CENPK,CEP63
CENPK,COPS4
CENPK,COPS5
CENPK,CSTF3
CENPK,CEP295
CENPK,LEO1
CENPK,LUC7L3
CENPK,NUP43
CENPK,PAFAH1B1
CENPK,PHF5A
CENPK,PMF1
CENPK,PPP2R1A
CENPK,PPWD1
CENPK,RTF1
CENPK,SGOL1
CENPK,SKA3
CENPK,SRSF7
CENPK,TBC1D31
CENPK,TRA2B
CENPK,VPS72
CENPK,WDR61
CENPK,ZWINT
CENPM,CEP63
CENPM,COPS4
CENPM,COPS5
CENPM,DICER1
CENPM,ELP4
CENPM,GFI1B
CENPM,INTS5
CENPM,CEP295
CENPM,LEO1
CENPM,MBTPS2
CENPM,METAP2
CENPM,MFAP1
CENPM,MRPL19
CENPM,NUP43
CENPM,NUP54
CENPM,PAFAH1B1
CENPM,PMF1
CENPM,PPP2R1A
CENPM,RTF1
CENPM,SGOL1
CENPM,SKA3
CENPM,SLC39A9
CENPM,TAF2
CENPM,TRA2B
CENPM,WDR61
CENPM,ZWINT
CENPP,IARS
CENPP,LTN1
CENPW,CEP63
CENPW,PMF1
CENPW,POLN
CENPW,SGOL1
CENPW,SKA3
CENPW,TRNAU1AP
CENPW,ZWINT
CEP152,MRPL22
CEP152,PAFAH1B1
CEP152,RPL36A
CEP152,SGOL1
CEP152,SRSF7
CEP152,ZNF574
CEP192,GNL3L
CEP192,RPL36A
CEP192,SEH1L
CEP192,TUBB
CEP192,ZCCHC9
CEP63,NAA50
CEP63,PPP2R1A
CEP63,SGOL1
CEP63,SKA3
CHMP2A,EIF3D
CHMP2A,GNL3L
CHMP2A,LEO1
CHMP2A,LTN1
CHMP2A,MRPS5
CHMP2A,NUDC
CHMP2A,PELO
CHMP2A,GATB
CHMP2A,SCYL1
CHMP2A,WDR61
CHMP2A,WDR7
CHMP2A,XRN2
CHMP2A,ZNF574
CIRH1A,EXOSC2
CIRH1A,MFAP1
CIRH1A,SRFBP1
CIRH1A,XRN2
CIRH1A,ZCCHC9
CIT,EIF3H
CIT,ERH
CIT,HBS1L
CIT,MBTPS2
CIT,MFAP1
CIT,PFAS
CIT,PPP2R1A
CIT,PTCD1
CIT,SCO1
CIT,SEC22B
CIT,SRFBP1
CIT,TCF25
CIT,TCOF1
CIT,VPS72
CIT,XRN2
CIT,ZNF574
CKAP5,ELP4
CKAP5,LEO1
CKAP5,MBTPS2
CKAP5,METAP2
CKAP5,MFAP1
CKAP5,NUDC
CKAP5,PELO
CKAP5,SNRPD3
CKAP5,UBA2
CLSPN,HUS1
CMAS,GTF2E1
CMAS,LEO1
CMAS,MBTPS2
CMAS,MED23
CMAS,MTOR
CMAS,NUDC
CMAS,VPS29
CMAS,VPS72
CMAS,WDR7
CMAS,ZNHIT6
CNOT1,CTNNBL1
CNOT1,LEO1
CNOT1,PDRG1
CNOT1,PSPH
COA3,FAM208A
COA3,MBTPS2
COA3,TAZ
COG3,LEO1
COG3,NOL8
COG3,NUDC
COG3,PPP2R1A
COG3,RTF1
COG3,SCYL1
COG3,SEC22B
COG3,SLC35A1
COG3,WDR7
COPE,DUT
COPE,FH
COPE,METAP2
COPE,MRPL22
COPE,RPL23
COPE,SCYL1
COPE,SLC35A1
COPE,UBA2
COPE,VPS4A
COPE,WDR7
COPS2,NDUFA8
COPS2,SKA3
COPS2,XRN2
COPS2,YTHDC1
COPS4,CSTF3
COPS4,CTNNBL1
COPS4,DUT
COPS4,EIF3H
COPS4,HUS1
COPS4,INTS5
COPS4,KCTD10
COPS4,LEO1
COPS4,NUDC
COPS4,POLD1
COPS4,SGOL1
COPS4,SKA3
COPS4,SMC5
COPS4,SRSF7
COPS4,WDR61
COPS4,XRN2
COPS5,HUS1
COPS5,KCTD10
COPS5,PELO
COPS5,PPP2R1A
COPS5,SKA3
COPS5,XRN2
COQ2,MINOS1
COQ2,NUTF2
COQ2,PGK1
COX16,MAPKAP1
COX16,MED23
COX16,PGK1
COX16,PSMB6
COX16,TTI2
COX5A,MED23
COX5A,MTBP
COX5A,RPL35
COX6C,DCTN2
COX6C,HUS1
COX6C,MAPKAP1
COX6C,MED14
COX6C,MED23
COX6C,MTBP
COX6C,PGK1
COX6C,PTTG1
COX6C,TIMM23B
COX6C,TTI2
COX7C,PGK1
CSTF3,GNL3L
CSTF3,METAP2
CSTF3,NDUFB1
CTNNBL1,DHODH
CTNNBL1,GEMIN4
CTNNBL1,INTS5
CTNNBL1,KCTD10
CTNNBL1,MED23
CTNNBL1,MRPS14
CTNNBL1,MRPS18A
CTNNBL1,PELO
CTNNBL1,PMF1
CTNNBL1,POLR3B
CTNNBL1,PPP2R1A
CTNNBL1,RBM17
CTNNBL1,SDHC
CTNNBL1,SNAPC1
CTNNBL1,SNRPB
CTNNBL1,TRNAU1AP
CTNNBL1,UBA2
CWC22,FAM50A
CWC22,MINOS1
CWC22,USE1
CYB5B,EMC2
CYB5B,INTS5
CYB5B,MBTPS2
CYB5B,MCM3AP
CYB5B,RPL24
CYB5B,ZCCHC9
DARS,GTF3C3
DARS,LEO1
DARS,MBTPS2
DARS,PELO
DARS,TCOF1
DARS,UBA2
DCAF7,LEO1
DCAF7,MRPS5
DCAF7,PPP2R1A
DCAF7,SSB
DCAF7,TIMELESS
DCAF7,TMEM261
DCAF7,ZNF574
DCTN2,EIF3H
DCTN2,GFI1B
DCTN2,PPP2R1A
DCTN2,RPLP1
DCTN2,RTF1
DCTN2,SGOL1
DCTN2,SKA3
DCTN2,ZNF574
DCTN4,LEO1
DCTN4,RPL11
DCTN4,RPL36A
DCTN4,SKA3
DCTN4,TRA2B
DCTN4,WDR61
DDX18,NDUFA9
DDX18,TCOF1
DDX46,FAM208A
DDX46,LEO1
DHODH,GINS4
DHODH,HUS1
DHODH,TAF2
DHODH,TIPIN
DHX37,EXOSC2
DHX37,XRN2
DHX37,ZCCHC9
DICER1,MED1
DLST,PGD
DONSON,GNL3L
DONSON,PELO
DONSON,RPL24
DONSON,TRA2B
DONSON,VPS72
DUT,NAMPT
DUT,POLR3B
DUT,TGIF2
DYNC1H1,INTS5
DYNC1H1,PPP2R1A
EEF1G,GTF3C3
EFR3A,LEO1
EFR3A,PPP2R1A
EFR3A,VPS72
EIF2B5,MRPS5
EIF2B5,USMG5
EIF3C,EIF3H
EIF3C,GPN3
EIF3C,LEO1
EIF3C,MED22
EIF3C,MTBP
EIF3C,PSMD1
EIF3C,SSB
EIF3C,XPO1
EIF3D,EXOSC9
EIF3D,MRPS5
EIF3D,PSMD4
EIF3D,RPL23
EIF3H,EIF4A1
EIF3H,EIF4G1
EIF3H,EIF4G2
EIF3H,EXOSC2
EIF3H,FDPS
EIF3H,GTF2E1
EIF3H,LUC7L3
EIF3H,MED22
EIF3H,MINOS1
EIF3H,MRPS18B
EIF3H,NDUFA9
EIF3H,NUTF2
EIF3H,PMF1
EIF3H,PPCS
EIF3H,PSMD12
EIF3H,PTTG1
EIF3H,SKA3
EIF3H,SNRPD3
EIF3H,TAF1
EIF3H,TAF2
EIF3H,TRA2B
EIF3M,VPS72
EIF4G1,EXOSC2
EIF4G1,MFAP1
EIF4G1,MRPL22
EIF4G1,MRPL32
EIF4G1,PTTG1
EIF4G1,RPL35
EIF4G1,XRN2
EIF5B,ZNF574
EIF6,GNL3L
EIF6,HUS1
EIF6,LTN1
EIF6,PSMD1
EIF6,WDR61
EIF6,XRN2
ELP4,FAM98B
ELP4,FIP1L1
ELP4,MINOS1-NBL1
ELP4,POLN
EMC1,FDPS
EMC1,GTF2H4
EMC1,MBTPS2
EMC1,MED1
EMC1,MED23
EMC1,SNIP1
EMC2,FDPS
EMC2,GOLT1B
EMC2,MAPKAP1
EMC2,MBTPS2
EMC2,MCM3AP
EMC2,METTL17
EMC2,NUDC
EMC2,SEC22B
EMC2,USE1
EMC2,VPS29
EMC2,WDR7
EMC4,EMC7
EMC4,FDPS
EMC4,GTF2H4
EMC4,MAT2A
EMC4,MED23
EMC4,NCAPD2
EMC4,RPL10
EMC6,FDPS
EMC6,NUTF2
EMC6,SRP19
EMC7,EXOSC2
EMC7,FDPS
EMC7,GTF2H4
EMC7,MED1
EMC7,MRPS14
EMC7,TIMELESS
EMG1,EXOSC2
EMG1,EXOSC4
EMG1,FAM208A
ERH,FIP1L1
ERH,INTS5
ERH,KIF14
ERH,MBTPS2
ERH,NUDC
ERH,SLC39A9
ERH,VPS72
ERH,ZNF574
EXOSC2,FAM50A
EXOSC2,MPHOSPH6
EXOSC2,PELO
EXOSC2,PSPH
EXOSC2,RINT1
EXOSC2,RPL35
EXOSC2,RPS18
EXOSC2,SNAPC1
EXOSC2,XRN2
EXOSC2,ZCCHC9
EXOSC4,HUS1
EXOSC4,LTN1
EXOSC4,MPHOSPH6
EXOSC4,NEMF
EXOSC4,PELO
EXOSC4,RPL10
EXOSC4,XRN2
EXOSC4,ZCCHC9
EXOSC6,MRPL22
EXOSC6,PELO
EXOSC9,HUS1
EXOSC9,MPHOSPH6
EXOSC9,PELO
EXOSC9,PRIM2
EXOSC9,PSMD12
EXOSC9,XRN2
EXOSC9,ZCCHC9
FAM208A,INTS3
FAM208A,NOP58
FAM208A,POLE2
FAM208A,PPP2R2A
FAM208A,PRIM2
FAM208A,PSMD12
FAM208A,RPS18
FAM208A,RPS28
FAM208A,SKIV2L
FAM208A,SNRPB
FAM208A,SNRPC
FAM208A,TCOF1
FAM208A,TIMELESS
FAM208A,TRRAP
FAM50A,GNL3L
FAM50A,LEO1
FAM50A,MRPS11
FAM50A,MTPAP
FAM50A,RPL30
FAM50A,TAF2
FAM50A,TRA2B
FAM50A,TUBB
FAM50A,WDR61
FAM50A,ZNF830
FAM98B,INTS5
FAM98B,SSB
FARSA,FIP1L1
FARSA,RPL35
FARSA,TRMT5
FARSB,INTS5
FARSB,LEO1
FDPS,HUS1
FDPS,MED23
FDPS,MED9
FDPS,PPP2R1A
FDPS,RINT1
FDPS,RRM1
FDPS,TCOF1
FDPS,TIMELESS
FDPS,TRNAU1AP
FDPS,UBA2
FDPS,USE1
FDPS,VPS29
FDPS,WDR7
FDPS,WDR77
FDPS,XPO1
FH,HUS1
FH,PAFAH1B1
FH,ZNF830
FIP1L1,GOLT1B
FIP1L1,LEO1
FIP1L1,NDUFB1
FIP1L1,TIPIN
FIP1L1,WDR61
GEMIN2,GEMIN4
GEMIN2,GTF2H4
GEMIN4,GTF2E1
GEMIN4,GTF2H1
GEMIN4,GTF2H4
GEMIN4,LEO1
GEMIN4,MED14
GEMIN4,MED23
GEMIN4,SNRPD3
GFER,HUS1
GFER,MINOS1-NBL1
GFER,ROMO1
GFER,XRN2
GFER,ZNF598
GFI1B,GINS4
GFI1B,GTF2H4
GFI1B,HBS1L
GFI1B,INTS5
GFI1B,LEO1
GFI1B,MED14
GFI1B,MED9
GFI1B,MINOS1
GFI1B,MRPL36
GFI1B,MTOR
GFI1B,NDUFA8
GFI1B,PAXBP1
GFI1B,PELO
GFI1B,REXO2
GFI1B,RPL10
GFI1B,RRM1
GFI1B,SNRPB
GFI1B,SNRPD3
GFI1B,TAF2
GFI1B,TIMELESS
GFI1B,TIPIN
GFI1B,YTHDC1
GFI1B,ZNF511
GINS4,MED14
GINS4,MED23
GINS4,METAP2
GINS4,MRPL13
GINS4,MRPS11
GINS4,NUP54
GINS4,PPP2R1A
GINS4,PTTG1
GINS4,RPL36A
GNL2,LEO1
GNL2,MPHOSPH6
GNL2,NDUFA9
GNL2,WDR61
GNL3L,CEP295
GNL3L,LARS
GNL3L,METTL17
GNL3L,NCAPD2
GNL3L,NOLC1
GNL3L,NUP43
GNL3L,NUP54
GNL3L,PAFAH1B1
GNL3L,PPP2R1A
GNL3L,RAE1
GNL3L,SKA3
GNL3L,SRSF7
GNL3L,VPS72
GNL3L,ZMAT5
GNL3L,ZNF830
GNL3L,ZNRD1
GOLT1B,LEO1
GOLT1B,NUDC
GOLT1B,NUP54
GOLT1B,PPP2R1A
GOLT1B,SEC22B
GOLT1B,USE1
GOLT1B,WDR61
GPN3,LEO1
GPN3,POLR3B
GPN3,VPS29
GPN3,WDR61
GTF2E1,KCTD10
GTF2E1,MED17
GTF2E1,NDUFB4
GTF2H1,RAD51
GTF2H1,VPS29
GTF2H4,HUS1
GTF2H4,KIF14
GTF2H4,LEO1
GTF2H4,MED14
GTF2H4,MED17
GTF2H4,MINOS1-NBL1
GTF2H4,MRPL27
GTF2H4,MRPS10
GTF2H4,MRPS21
GTF2H4,MZT1
GTF2H4,RBM17
GTF2H4,RNGTT
GTF2H4,RPLP2
GTF2H4,SCO1
GTF2H4,SFXN1
GTF2H4,SNAPC1
GTF2H4,TCOF1
GTF2H4,WDR70
GTF3C3,INTS5
GTF3C3,POLR3B
GTPBP4,RPP30
GTPBP4,XRN2
HBS1L,INTS5
HBS1L,PSMD1
HBS1L,WDR61
HSCB,LIAS
HUS1,LEO1
HUS1,MCM4
HUS1,METAP2
HUS1,MRPL11
HUS1,MRPL22
HUS1,NFYC
HUS1,NUDC
HUS1,NUP54
HUS1,POLA1
HUS1,POLD1
HUS1,POLD3
HUS1,POLE
HUS1,POLE2
HUS1,PPP2R1A
HUS1,PRIM2
HUS1,PTTG1
HUS1,RAD51
HUS1,RFC4
HUS1,RFC5
HUS1,RPA3
HUS1,RRM1
HUS1,RTF1
HUS1,SDHC
HUS1,SGOL1
HUS1,TIMELESS
HUS1,TIPIN
HUS1,TRA2B
HUS1,UBA2
HUS1,UMPS
HUS1,WDR61
HUS1,WDR7
HUS1,ZNF574
HYPK,MFAP1
HYPK,PTTG1
IARS,LEO1
ICT1,MED24
ICT1,TAZ
ICT1,TIMELESS
ICT1,TIMM23B
IMPDH2,PTTG1
IMPDH2,SKA3
INTS3,LEO1
INTS3,NCAPD2
INTS3,SSB
INTS3,XRN2
INTS5,LEO1
INTS5,LUC7L3
INTS5,MASTL
INTS5,MAT2A
INTS5,MED14
INTS5,MED23
INTS5,MED28
INTS5,NCAPD2
INTS5,NCBP1
INTS5,NDUFB2
INTS5,NFYC
INTS5,NOL8
INTS5,OGFOD1
INTS5,POLR2K
INTS5,PSMD1
INTS5,PSMD12
INTS5,RBM25
INTS5,RPL35
INTS5,SLC39A9
INTS5,SNRPD3
INTS5,SNRPG
INTS5,TBCB
INTS5,TUBGCP4
INTS5,WDR61
INTS5,WDR7
INTS5,WDR70
INTS5,XPO1
KARS,LEO1
KARS,WDR61
KCTD10,KIF14
KCTD10,LUC7L3
KCTD10,MINOS1-NBL1
KCTD10,MRPL22
KCTD10,MRPL36
KCTD10,MRPL37
KCTD10,MRPL42
KCTD10,MRPL46
KCTD10,MRPS10
KCTD10,MRPS21
KCTD10,MRPS5
KCTD10,NDUFB1
KCTD10,NDUFB4
KCTD10,PAFAH1B1
KCTD10,GATB
KCTD10,PPCS
KCTD10,PPP2R1A
KCTD10,PSMD6
KCTD10,PTCD1
KCTD10,TMEM261
KCTD10,UBA3
KDM1A,LEO1
KDM1A,NDUFA9
CEP295,LUC7L3
CEP295,MFAP1
CEP295,PAFAH1B1
CEP295,PWP1
CEP295,RPL28
CEP295,SEC22B
CEP295,SGOL1
CEP295,ZNF574
KIF14,MBTPS2
KIF14,MINOS1-NBL1
KIF14,MRPS11
KIF14,NCAPD2
KIF14,NSMCE1
KIF14,PELO
KIF14,PPP2R1A
KIF14,RPL28
KIF14,RPL36A
KIF14,SRSF7
KIF14,TCOF1
KIF14,ZNF574
LARS,LEO1
LARS,MASTL
LARS,MCM3AP
LARS,PPP2R1A
LARS,TAF2
LARS,WDR61
LEO1,MARS
LEO1,MASTL
LEO1,MAX
LEO1,NAMPT
LEO1,NAT10
LEO1,NDUFA2
LEO1,NDUFB1
LEO1,NFYC
LEO1,NUDC
LEO1,NUP43
LEO1,NUP54
LEO1,OGFOD1
LEO1,ORAOV1
LEO1,PDCD7
LEO1,PDRG1
LEO1,PFAS
LEO1,PGD
LEO1,PGK1
LEO1,PMF1
LEO1,PNN
LEO1,POLD1
LEO1,POLE2
LEO1,POLR2K
LEO1,PPP2R1A
LEO1,PPP2R2A
LEO1,PPWD1
LEO1,PRIM2
LEO1,PSMB7
LEO1,PSMC1
LEO1,PSMC6
LEO1,PSMD1
LEO1,PSMD12
LEO1,PSMD6
LEO1,RBM17
LEO1,RBM25
LEO1,REXO2
LEO1,RPA3
LEO1,RPL11
LEO1,RPL24
LEO1,RPL27
LEO1,RPL3
LEO1,RPP38
LEO1,RRM1
LEO1,RTF1
LEO1,SDHC
LEO1,SEC22B
LEO1,SLC35A1
LEO1,SLC7A1
LEO1,SLC7A6OS
LEO1,SNAPC1
LEO1,SRP19
LEO1,SRSF7
LEO1,TIPIN
LEO1,TSEN2
LEO1,UBA3
LEO1,UMPS
LEO1,USE1
LEO1,VPS29
LEO1,VPS72
LEO1,WDR61
LEO1,WDR7
LEO1,WDR70
LEO1,XPO1
LEO1,YTHDC1
LEO1,ZNF830
LEO1,ZWINT
LIAS,PTTG1
LIAS,TCOF1
LIAS,ZWINT
LONP1,PITRM1
LUC7L3,PPP2R1A
LUC7L3,SRSF7
LUC7L3,TRNAU1AP
LTN1,POLE
LTN1,SAP18
LTN1,SNAPC1
LTN1,TUBB
LTN1,WDR61
MAPKAP1,MINOS1
MAPKAP1,MINOS1-NBL1
MAPKAP1,MRPL27
MAPKAP1,MRPL36
MAPKAP1,MRPS21
MAPKAP1,MRPS27
MAPKAP1,MRPS5
MAPKAP1,NDUFA8
MAPKAP1,NDUFA9
MAPKAP1,NDUFB1
MAPKAP1,PTCD1
MAPKAP1,RBM17
MAPKAP1,SCO1
MAPKAP1,SKA3
MAPKAP1,SSBP1
MAPKAP1,TIMELESS
MAPKAP1,TIMM9
MARS,PPP2R1A
MARS,TCOF1
MASTL,PTTG1
MASTL,RPL35
MASTL,SGOL1
MASTL,SRSF7
MASTL,TCOF1
MASTL,ZNF574
MASTL,ZWINT
MAX,MBTPS2
MAX,MRPL36
MAX,MTOR
MAX,NDUFA8
MAX,NDUFB2
MAX,SSBP1
MBTPS2,MED9
MBTPS2,NFYC
MBTPS2,NUDC
MBTPS2,PPP2R1A
MBTPS2,RPL30
MBTPS2,RPL35
MBTPS2,RPLP2
MBTPS2,SLC35A1
MBTPS2,TOMM22
MBTPS2,WDR7
MCM3,TIMELESS
MCM3AP,NUP43
MCM3AP,PELO
MCM3AP,PNN
MCM3AP,RPL36A
MCM3AP,SEC22B
MCM3AP,XRN2
MCM3AP,YTHDC1
MCM3AP,ZNF830
MCM4,TIPIN
MED1,MED10
MED1,MED14
MED1,MED23
MED1,MED24
MED1,MED9
MED1,NDUFA8
MED1,NUBP1
MED1,PSMD4
MED1,TAF2
MED1,ZNF574
MED10,POLD3
MED10,TOMM22
MED10,ZNHIT6
MED14,MED24
MED14,MED9
MED14,MINOS1
MED14,MINOS1-NBL1
MED14,MRPS11
MED14,PGK1
MED14,PSMD1
MED14,RBBP8
MED14,RPTOR
MED14,USE1
MED14,USMG5
MED17,MRPS5
MED17,NEMF
MED17,TBC1D31
MED22,MRPL50
MED22,RPL35
MED23,MED9
MED23,MINOS1
MED23,MINOS1-NBL1
MED23,MRPL15
MED23,MRPL39
MED23,MRPL42
MED23,MRPL46
MED23,NDUFB1
MED23,NDUFB2
MED23,NFYC
MED23,PNISR
MED23,POLD1
MED23,POLE
MED23,PPCS
MED23,PSMD6
MED23,RBBP8
MED23,RFC5
MED23,RNGTT
MED23,RPL23
MED23,RPTOR
MED23,SCO1
MED23,SLC35A1
MED23,TIMELESS
MED23,TIPIN
MED23,VPS29
MED24,MED9
MED24,MINOS1
MED24,MINOS1-NBL1
MED24,MRPL22
MED24,MRPL24
MED24,MRPL27
MED24,MRPL33
MED24,MRPL36
MED24,MRPL42
MED24,NDUFA9
MED24,NDUFB1
MED24,NDUFB2
MED24,GATB
MED24,PSMD4
MED24,SEH1L
MED28,NCAPD2
MED28,PSMD1
MED9,METAP2
METAP2,PAXBP1
METAP2,PDCD7
METAP2,PMF1
METAP2,PPWD1
METAP2,RPL36A
METAP2,SCYL1
METAP2,SNRPC
METAP2,SNRPG
METAP2,VPS72
METAP2,WDR7
METAP2,ZMAT5
METAP2,ZWINT
METTL17,PSMC1
METTL17,RAE1
MFAP1,MRPL22
MFAP1,MTBP
MFAP1,NUP43
MFAP1,NUTF2
MFAP1,PITRM1
MFAP1,SF3B1
MFAP1,TBC1D31
MFAP1,TIMELESS
MFAP1,ZNF574
MFAP1,ZNF830
MINOS1,OPA1
MINOS1,PITRM1
MINOS1,RAE1
MINOS1-NBL1,PITRM1
MINOS1-NBL1,VPS29
MPHOSPH6,PAFAH1B1
MPHOSPH6,SKIV2L2
MPHOSPH6,XRN2
MPHOSPH6,ZCCHC9
MRPL57,PGK1
MRPL57,PSMC1
MRPL57,PSMD1
MRPL57,PSMD4
MRPL57,PSMD6
MRPL57,SKA3
MRPL57,TAZ
MRPL10,PGK1
MRPL10,PSMD12
MRPL10,TAZ
MRPL10,ZNF830
MRPL11,PRMT5
MRPL13,MTBP
MRPL13,MTOR
MRPL13,PPP2R1A
MRPL15,PPP2R1A
MRPL15,PSMD4
MRPL16,PSMD1
MRPL16,TAZ
MRPL19,MTOR
MRPL19,PGD
MRPL19,PMF1
MRPL22,PDCD7
MRPL22,PGD
MRPL22,PGK1
MRPL22,PMPCB
MRPL22,POLN
MRPL22,PSMB7
MRPL22,PSMC1
MRPL22,PSMD12
MRPL22,PSMD4
MRPL22,PSMD6
MRPL22,PTTG1
MRPL22,RNGTT
MRPL22,RPL10
MRPL22,RPL27
MRPL22,RPL5
MRPL22,SEC22B
MRPL22,SEH1L
MRPL22,SNAPC1
MRPL22,SRP19
MRPL22,SYVN1
MRPL22,TAZ
MRPL27,PSMB6
MRPL27,TAF2
MRPL27,TIMELESS
MRPL32,TIMELESS
MRPL32,TUBB
MRPL33,MRPS5
MRPL33,PGK1
MRPL33,PSMB6
MRPL36,TAZ
MRPL36,TIMELESS
MRPL37,PGK1
MRPL42,PGK1
MRPL42,ROMO1
MRPL42,SRSF7
MRPL43,PMF1
MRPL43,PSMD4
MRPL43,TAZ
MRPL46,PSMD1
MRPL50,TIMELESS
MRPS10,ROMO1
MRPS11,PGD
MRPS11,PGK1
MRPS11,PSMB6
MRPS11,PSMC6
MRPS11,TAF2
MRPS14,TAZ
MRPS16,PITRM1
MRPS16,ZNF830
MRPS21,PGK1
MRPS21,PSMC1
MRPS25,PSMD1
MRPS28,SNRPG
MRPS30,PGK1
MRPS35,PGD
MRPS5,MTOR
MRPS5,PITRM1
MRPS5,PPP2R1A
MRPS5,PSMC1
MRPS5,PSMD1
MRPS5,PSMD12
MRPS5,SNRPG
MRPS5,TAF2
MRPS5,TAZ
MRPS5,VPS29
MRPS5,ZNF598
MTBP,NDUFB1
MTBP,PWP1
MTBP,ROMO1
MTBP,RPL35
MTBP,RRM1
MTBP,XRN2
MTHFD2,RAE1
MTOR,NDUFA8
MTOR,NDUFA9
MTOR,NDUFB2
MTOR,SSB
MTOR,TMEM261
MTPAP,PGK1
MZT1,NDUFB1
MZT1,PAFAH1B1
MZT1,PPP2R1A
MZT1,SSB
MZT1,VPS72
NAA25,TAF2
NAA50,NUBP1
NAA50,SGOL1
NAA50,SKA3
NAA50,TIMELESS
NAA50,TIPIN
NCAPD2,NSMCE1
NCAPD2,PTTG1
NCAPD2,USE1
NCBP1,NUDC
NCBP1,XRN2
NCBP1,ZNF574
NDUFA2,WDR61
NDUFA8,PGK1
NDUFA8,PSMC1
NDUFA8,PSMC6
NDUFA8,PSMD1
NDUFA8,PSMD6
NDUFA8,RPTOR
NDUFA9,NUBP1
NDUFA9,PGK1
NDUFA9,WDR61
NDUFA9,XPO1
NDUFB1,PGK1
NDUFB1,PPP2R1A
NDUFB1,PSMD12
NDUFB1,PSMD4
NDUFB1,RPL23
NDUFB1,TAZ
NDUFB1,WDR61
NDUFB2,NUP54
NDUFB2,PGK1
NDUFB2,PSMC6
NDUFB2,PSMD4
NEMF,PAFAH1B1
NEMF,PSMD4
NEMF,RAE1
NEMF,RPL30
NEMF,SNRPG
NFYC,NUP54
NFYC,PMF1
NFYC,PTTG1
NFYC,TUBB
NFYC,WDR61
NFYC,ZNF830
NIP7,TUBB
NOC2L,PTTG1
NOL8,VPS72
NOL9,XRN2
NOLC1,TCOF1
NOLC1,XRN2
NOLC1,ZNHIT6
NOP58,UBA2
NOP58,ZNHIT6
NSMCE1,PTTG1
NSMCE1,UBA2
NSMCE1,VPS4A
NUBP1,ORAOV1
NUBP1,POLE
NUBP1,PPAT
NUBP1,TAF2
NUBP1,TIMELESS
NUBP1,UBA2
NUDC,NUP43
NUDC,POLR2K
NUDC,SCYL1
NUDC,SLC35A1
NUDC,SLC39A9
NUDC,WDR61
NUDC,WDR7
NUP43,NUP54
NUP43,NUP85
NUP43,PELO
NUP43,PPP2R1A
NUP43,RAD51
NUP43,RTF1
NUP43,SEH1L
NUP43,SGOL1
NUP43,SRSF7
NUP43,TIMELESS
NUP43,TRA2B
NUP43,WDR61
NUP43,YTHDC1
NUP54,PELO
NUP54,RAE1
NUP54,RNGTT
NUP54,SGOL1
NUP54,TIMELESS
NUP54,TMEM261
NUP54,VPS29
NUP54,WDR61
NUP85,PELO
NUP85,PPP2R1A
NUP85,TRA2B
NUP85,YTHDC1
NUTF2,PGK1
NUTF2,TAF2
NUTF2,TRA2B
NUTF2,ZNF574
NUTF2,ZNF598
OGFOD1,RPL10
OGFOD1,TCOF1
OGFOD1,WDR61
OPA1,PITRM1
OPA1,ROMO1
OPA1,TAZ
OPA1,TIMM22
OPA1,TIMM23B
OPA1,TMEM261
ORAOV1,RPL36A
ORAOV1,WDR61
PAFAH1B1,PPP2R1A
PAFAH1B1,RPL28
PAFAH1B1,RPL36A
PAFAH1B1,SDHC
PAFAH1B1,SGOL1
PAFAH1B1,SKA3
PAFAH1B1,TCOF1
PAFAH1B1,VPS72
PAFAH1B1,ZNF574
PAXBP1,TRA2B
PDRG1,WDR61
PDSS2,SNRPG
PDSS2,TIMELESS
PELO,PNN
PELO,POLN
PELO,POLR2B
PELO,PPP2R2A
PELO,PSMD1
PELO,PWP1
PELO,RPL27
PELO,RPL3
PELO,RPL36A
PELO,RPLP1
PELO,RTF1
PELO,SKA3
PELO,SKIV2L
PELO,TRNAU1AP
PELO,TUBGCP4
PELO,UBA3
PELO,WDR61
PELO,WDR77
PELO,ZNF574
GATB,PMPCB
GATB,PSMC1
GATB,PSMC6
GATB,PSMD12
GATB,SNRPG
PGD,SDHC
PGK1,SSBP1
PGK1,TMEM261
PGK1,WDR61
PITRM1,PMPCB
PITRM1,ROMO1
PITRM1,TIMM22
PMF1,TAF2
PMF1,WDR61
PMF1,ZWINT
PNISR,UBA2
PNISR,WDR7
PNN,SKA3
POLA1,RPL36A
POLA1,UBA2
POLD1,TAF2
POLD3,TAF2
POLD3,TIMELESS
POLE,RPL36A
POLE,TIMELESS
POLE2,SSB
POLE2,TIMELESS
POLE2,TIPIN
POLE2,UBA2
POLN,PPP2R1A
POLN,WDR61
POLR2B,TCOF1
POLR3A,PPP2R1A
PPCS,RPL36A
PPCS,TCOF1
PPIE,PSMD1
PPIE,WDR70
PPIE,ZNF830
PPP2R1A,PSMD6
PPP2R1A,RTF1
PPP2R1A,SEC22B
PPP2R1A,SGOL1
PPP2R1A,SKA3
PPP2R1A,SNIP1
PPP2R1A,SNRPB
PPP2R1A,SNRPG
PPP2R1A,TAF1
PPP2R1A,TAF2
PPP2R1A,TIMELESS
PPP2R1A,UBA3
PPP2R1A,USE1
PPP2R1A,WDR7
PPP2R1A,YTHDC1
PPP2R1A,ZNF511
PPWD1,PSMD1
PPWD1,SRSF7
PRIM2,TRA2B
PRIM2,UBA2
PRIM2,XRN2
PRMT5,UBA2
PRMT5,ZNHIT6
PSMB6,PSMD1
PSMB6,TCOF1
PSMB7,RAE1
PSMC1,TAF2
PSMC2,TAF2
PSMD1,RPL27
PSMD1,RTF1
PSMD1,SCYL1
PSMD1,SYVN1
PSMD1,UBA2
PSMD1,VPS4A
PSMD1,VPS72
PSMD1,WDR61
PSMD1,XPO1
PSMD12,TMEM261
PSMD12,TUBB
PSMD12,ZNF598
PSMD4,SNAPC1
PSMD4,SSBP1
PSMD6,TAF2
PSMD6,VPS29
PSPH,VPS72
PSPH,WDR61
PSPH,ZMAT5
PTTG1,RAD51
PTTG1,RPL24
PTTG1,RPL28
PTTG1,RPL32
PTTG1,RTF1
PTTG1,SRSF7
PTTG1,UBA2
PTTG1,ZNF830
PWP1,RPL23
PWP1,RPL28
PWP1,TCOF1
QARS,SRSF7
QARS,WDR61
RBBP8,RPL32
RBBP8,TIMELESS
RBBP8,TIPIN
RBBP8,UBA2
RBM17,TIMELESS
RBM17,WDR61
RBM17,XRN2
RBM25,VPS72
RBM25,WDR61
RBM25,ZNF574
REXO2,TIMELESS
REXO2,XRN2
RFC4,UBA2
RINT1,SEC22B
RINT1,TAF2
RINT1,VPS4A
RINT1,WDR61
RNGTT,TAF2
RNGTT,TCOF1
RNGTT,ZNF574
ROMO1,RPL23
ROMO1,SKA3
ROMO1,SSBP1
ROMO1,TAZ
RPA3,RPL36A
RPA3,TCOF1
RPA3,TIPIN
RPF2,RPL28
RPL10,ZNF574
RPL24,WDR61
RPL27,TCOF1
RPL28,TCOF1
RPL28,ZNF830
RPL30,WDR7
RPL35,RPS27A
RPL35,SGOL1
RPL36A,SLC7A1
RPL36A,SRSF7
RPL36A,TUBB
RPL36A,TUBGCP4
RPL36A,WDR70
RPL5,TAF2
RPP38,SSB
RPS18,UBA2
RPS27A,UBA2
RTF1,SEC22B
RTF1,USE1
RTF1,VPS4A
SAP18,SKA3
SAP18,SLC35A1
SAP18,TUBGCP3
SAP18,YTHDC1
SCYL1,SF3B1
SCYL1,SLC35A1
SCYL1,SYVN1
SCYL1,TRPM7
SCYL1,USE1
SCYL1,VPS4A
SCYL1,WDR7
SDHC,UBA2
SDHC,ZNF598
SEC22B,TAF2
SEC22B,VPS4A
SEC22B,WDR61
SEC22B,WDR7
SEH1L,VPS29
SFXN1,XPO1
SGOL1,SKA3
SGOL1,SRFBP1
SGOL1,TBC1D31
SGOL1,TIMELESS
SGOL1,ZMAT5
SGOL1,ZNF574
SKA3,SPDL1
SKA3,SRFBP1
SKA3,SRSF7
SKA3,TAZ
SKA3,TIMELESS
SKA3,TRA2B
SKA3,TRNAU1AP
SKA3,TUBB
SKA3,ZNF574
SKA3,ZWINT
SKIV2L2,XRN2
SLC35A1,VPS72
SLC35A1,WDR61
SLC39A9,VPS72
SLC39A9,ZNF574
SMC5,UBA2
SNAPC1,SSBP1
SNIP1,ZNF574
SNRNP200,WDR61
SNRPB,SNRPD3
SNRPB,TUBB
SNRPB,UBA2
SNRPC,UBA2
SPDL1,TRA2B
SPDL1,WDR61
SRFBP1,ZNHIT6
SRP19,VPS72
SRSF7,TRA2B
SRSF7,WDR61
SRSF7,XRN2
SRSF7,YTHDC1
SSB,TIMELESS
SSB,TUBGCP3
SSBP1,TAZ
SSBP1,TIMM23B
STXBP4,TIMELESS
TAF1A,TCOF1
TAF2,TIPIN
TAF2,UBA2
TAF2,USE1
TAF2,WDR61
TAF2,WDR77
TAF2,XPO1
TAF2,ZWINT
TAZ,TIMM23B
TAZ,USMG5
TCOF1,TIMELESS
TCOF1,ZNRD1
TIMELESS,TIPIN
TIMELESS,TRRAP
TIMELESS,TSEN2
TIMELESS,WDR77
TIPIN,ZWINT
TMEM261,TOMM22
TMEM261,XPO1
TRA2B,VPS4A
TRA2B,XRN2
TRRAP,VPS72
TUBB,ZNF574
TUBGCP3,XRN2
UBA2,ZCCHC9
USE1,VPS4A
USE1,WDR61
USE1,WDR7
VPS29,WDR61
VPS4A,ZNF574
VPS72,WDR7
VPS72,YTHDC1
WDR61,WDR7
WDR61,YTHDC1
BRD4,KMT2A
BMI1,HDAC2
BMI1,KDM1B
ING3,BMI1
BRD4,KDM6A
BRD4,PHF2
BMI1,PRMT6
ING3,KDM5A
KDM5B,KMT2A
BRD4,KDM4C
KDM6B,KDM3A
ING3,KDM6A
BMI1,NSD1
BMI1,MBD2
BMI1,KDM1A
KDM3A,PRMT5
BRD4,EP300
BMI1,KDM3A
BRD4,KDM6B
PHF8,KDM1A
KDM6A,HDAC2
PRMT5,HDAC1
PHF8,PRMT5
BRD4,EZH2
PRMT5,EZH1
KDM6A,KDM5A
BRD4,KDM2B
KDM6B,PRMT5
KDM1A,PRMT5
PRMT5,EP300
BRD4,PRMT5
KDM5D,KMT2A
PHF2,PRMT5
PRMT5,DNMT1
KDM6A,KDM5C
BMI1,KDM6A
KDM4A,PRMT5
PRMT6,PRMT5
KDM2B,PRMT5
KDM6B,KMT2A
BRD4,BMI1
KDM5A,NSD1
BRD4,KDM3A
KDM6B,PRMT7
BRD3,KDM4C
KDM4C,PRMT5
KDM3B,PRMT5
PRMT5,MBD1
EP300,MBD1
ING3,BRD4
KDM1A,HDAC2
PRMT5,CARM1
PAF1,SMARCD3
MED14,MED17
RBBP4,RBBP7
ACTR8,SUZ12
CBX2,ELP3
EP400,MEN1
CXXC1,GEMIN5
CNOT3,KDM1A
MED8,WDR5
INTS9,MTA1
BRD7,GEMIN5
INO80D,MED15
EPC1,KAT5
EP400,KDM1A
BRD9,INO80
INTS9,MED17
CBX2,MCM2
MED14,MED4
KMT2A,MED17
ACTL6A,WDR5
ACTR8,HDAC1
CNOT3,EPC1
ELP3,SMARCB1
EED,MED14
MED12,MED6
BRD9,INO80E
ACTL6A,THAP3
SETD1A,SUZ12
MBD2,PAF1
SRCAP,THOC2
SAP30,SETD1B
ARID1A,RTF1
HCFC1,SMARCB1
DPY30,PHC1
MCM2,MTA1
ACTR8,THOC1
ARID1A,RBBP7
INTS9,SAP30
ELP3,KMT2D
MED17,THOC1
PAF1,PHC3
HDAC1,MED8
BRD9,THAP3
EP400,HCFC1
MED12,SRCAP
MBD2,MRGBP
ACTL6A,BRD7
KMT2A,WDR82
INO80C,INTS9
ACTL6A,CXXC1
SETD1A,SMARCD3
KAT5,SAP30
CBX8,INTS9
BRD9,WDR5
MBD2,MED14
CNOT1,MCM2
ARID1A,RUVBL1
CBX2,GEMIN5
MED15,SRCAP
EP400,MCM2
ACTL6A,MED4
GEMIN5,SETD1B
EP400,PBRM1
GEMIN5,SRCAP
PHC3,SAP30
CTR9,MED15
ACTR8,KMT2A
BRD7,PBRM1
PAF1,PHC1
SMARCD3,TRRAP
HCFC1,RBBP7
RUVBL1,SMARCD3
CBX8,RTF1
SMARCB1,WDR5
GEMIN5,MED4
KDM1A,MBD2
RTF1,WDR5
SRCAP,TRRAP
GEMIN5,THAP3
INTS9,MED23
PHC1,SRCAP
CBX8,ELP3
CNOT3,DPY30
ELP3,SMARCD2
ELP3,EPC1
INTS9,MBD2
MED4,THOC1
SMARCB1,SRCAP
PHC2,THAP3
INO80,MEN1
CBX8,MEN1
DPY30,SETD1B
RTF1,SETD1B
ELP3,SRCAP
PIM1,PIM2
AKT1,AKT2
ATM,PRKDC
ALAD,GPI
BCL2L1,MCL1
CDK12,KSR1
PRKDC,TSPO
MAP3K10,POMC
AOC3,NAGK
NPEPPS,TK1
CIT,STMN1
CYP4F12,RPS6KA4
DBH,TK1
CDC25A,PIK3CG
DCXR,TK1
GPI,NDUFB1
HMGA1,PRKDC
CYP4F12,PTK6
CIT,PIK3CG
BRD2,CARM1
LCK,MAPK12
APEX1,PRKDC
LCK,PIK3C2B
LARS2,PRKAA1
MMP25,PIK3R2
DMPK,MAP2K7
GPX1,NAGK
CDC25A,OXT
HMGA1,TYK2
AANAT,TOP1
CYP4F12,GPX1
APEX1,ATM
AMHR2,LCK
CARM1,FABP4
CDC25A,HMGA1
CDC25A,PRKDC
NOS2,NT5M
CAMK2G,CYP4F12
BCL2L1,TYK2
LIG1,NAMPT
DBH,SSTR5
MAP2K7,PTGIR
APEX1,PARP1
LCK,MAP3K8
BCAT2,MMP25
CDKN1A,RPS6KA2
CDKN1A,TOP1
ATM,MAP3K4
MCL1,PRKAR1A
GPX1,OXT
ACVRL1,AMHR2
ITGB7,LCK
CAMK2G,MAPKAPK2
BCL2L2,CDC25A
BCKDK,MAP3K4
ALPL,MAPKAPK2
BCL2L1,SLC16A5
APEX1,BRCA2
CD22,TYK2
MAP3K10,SLC5A5
GPI,MAP2K2
CKM,MAP2K7
CAMK2G,LCK
CD22,FABP4
DOT1L,MCL1
ATR,MST1R
FGFR3,MAP3K4
CDC25A,ERBB2
CIT,CYP4F12
CDC25A,RELA
MAPK12,OXT
CAMK2G,PTPRE
LTC4S,PRKDC
HCRTR1,NPR1
CD22,PRKAA1
DOT1L,MST1R
EDA,PRKDC
DCK,PRKDC
LIG1,PARP1
PRSS8,SRC
AMHR2,CIT
NPR2,SLC5A5
GPI,PIK3CG
FABP4,SLC16A8
CRYBB1,PLA2G4C
AOC3,PIK3C2B
ERBB2,PRKDC
PRKDC,RPS6KA2
DBH,PIK3CD
CDC25A,PRKCD
DDR2,TK1
BCL2L1,DOT1L
AOC3,NDUFA4L2
MAPKAPK2,SPHK2
TK1,TSPO
MAP2K7,PRODH
EPHA2,PKLR
MAPKAPK2,PTP4A3
MAPK12,PKLR
CDC25A,FGFR3
LCK,MAP2K7
MAP3K10,MAPK12
EPHB4,PTPRJ
DBH,TPSAB1
AXL,FN3K
DDR1,TK1
CDC25B,PIK3CB
CAMK2G,ERBB2
MMP25,PRKCZ
NOS2,POMC
PRKAA1,RPS6KA2
PTPRJ,RELA
BCAT2,PRKDC
IGF1R,PIK3CD
BCAT2,PTK6
AOC3,PIK3CD
PLA2G2E,TST
MMP14,NPR1
BCAT2,POMC
CDC25B,PRKDC
ACVR1,ATM
PIK3CG,PTP4A3
BRCA2,PKLR
AGPAT1,TSPO
AMHR2,MAPK12
CAMK2G,PRSS8
P2RY6,PTPRJ
CSNK1G2,MAP3K10
GPX1,SRC
CDC25B,PRKCD
PFKFB1,PRKAA1
CAMK2G,GPX1
ADRBK1,ALAD
NAMPT,XPO1
MAPK12,PRKAR1A
PTPRZ1,SLC16A5
GCK,ITGB7
PRODH,TST
BCL2L1,TOP1
ITGB7,OXT
CDC25A,SRC
AOC3,PIK3R2
CDC25A,PIM1
CHD1,CKM
GPX1,TSPO
GPI,PTK6
CYP4F12,MAP3K10
CYP4F12,KCNQ4
ITGB7,MAP2K7
ALPL,PIK3C2B
CHD1,DMPK
EHMT2,NOS2
CRYBB1,LCK
CYP4F12,STMN1
CHD1,TK1
CNTFR,RPS6KA4
BCL2L1,BCL2L2
BCKDK,IL12A
ALPL,RPS6KA2
LCK,MASP2
BRCA2,SPHK2
PRKAR1A,TK1
CIT,NPEPPS
NT5M,PIK3CD
AXL,CSF3R
EPHB2,OXT
CRYBB1,LIG1
CDK12,ERBB2
HMGA1,OXT
AOC3,SLC16A8
BCAT2,PRODH
GPX1,PRKCZ
BCL2L2,MAP3K8
DDR1,MAP3K10
FABP4,PTGIR
AANAT,SSTR5
EPHB4,PRKCZ
CARM1,MAP2K2
MAP3K10,PRKCZ
BCL2L1,CDK2
DDR2,PTP4A3
ADRBK1,PTPRJ
BCKDK,PRKCD
CSF3R,HMGA1
P2RY6,TPSAB1
BCAT2,CSK
CD22,JAK3
KCNA3,NPY4R
MAP2K5,PIK3CG
BRCA2,TYK2
BCAT2,LTC4S
NAMPT,PTPRJ
AOC1,PFKFB1
LCK,PTK6
CHD1,PIK3CG
GMPS,SPHK1
IGF1R,MAPK12
CAMK2G,SLC5A5
NPEPPS,PTP4A3
ITGA6,POMC
NPR1,TXN
DDR2,TST
ERBB2,GPX1
DCXR,FGFR3
GPX1,LARS2
BRD2,CDK5
CDK2,MAP2K5
CYP4F12,FABP4
PIK3CA,PRKCA
MST1R,PRKCA
HCRTR1,PIK3C2B
AANAT,P2RY6
ALAD,HMGCR
NOS2,PIM1
ACVR1,PIK3CG
BIRC5,MAP3K3
ERBB2,FGFR3
GPI,LTC4S
ALPL,CDC25A
IL12A,PIK3CG
CARM1,CIT
BIRC5,FN3K
CSF3R,GCK
BRD2,FGFR3
CSNK1G2,FABP4
NAGK,PIK3CG
CDC25A,SLC16A8
ERBB2,TK1
PPP1CC,TYK2
DMPK,PTK6
CDC25A,EHMT2
EHMT2,NAGK
ERBB3,PRSS8
IGF1R,TAOK2
GHSR,KSR1
CDK12,CDK8
ADRBK1,MASP2
CD22,LIG1
PRKDC,SSTR4
MAPK3,MMP25
FABP4,MST1R
FABP4,PIK3C2B
PRKCD,SPHK1
CAMK2G,PRKCD
AOC1,CSK
ACVR1,CIT
ACY1,CIT
AKT2,HMGCR
CAMK2G,MAP3K8
CDK12,NTRK1
NR5A1,STMN1
CYP4F12,MAPK12
DCXR,PRKDC
FABP4,TYK2
MAP3K8,TYK2
GPX1,TK1
CKM,XIAP
BCL2L1,EPHB2
HMGA1,KCNQ4
FABP4,MAP2K7
ACVRL1,CDK12
MAP4K1,SPHK1
EHMT2,GPX1
CSNK1G2,CYP4F12
NR5A1,P2RY6
CAMK1G,PIK3CA
CHD1,PTK6
KCNQ4,NT5M
AKT2,CDK12
LCK,NOS2
LTC4S,PRKCD
AGPAT1,KSR1
CAMK2G,STMN1
PIM1,TAOK2
AXL,MAP2K7
AOC3,CYP11B2
BIRC5,MASP2
ATM,TPSAB1
CIT,ERBB4
BCAT2,FABP4
PIK3CD,PTPRZ1
CYP11B2,HMGA1
DCXR,PRKAB1
CSK,MAP2K2
CYP11B2,SSTR5
MAP4K1,RPS6KA4
AMHR2,PRKCZ
CARM1,PIK3C2B
CRYBB1,PTK6
LARS2,PIK3CD
BIRC5,CRYBB1
AOC3,TYK2
CDC25B,DDR2
BRD2,CYP4F12
CYP4F12,MMP25
CDK5,HMGA1
ACY1,GMPS
CDC25A,HCRT
BIRC5,DCK
AOC3,SSTR5
CDC25A,CSNK1G2
ERBB2,PIK3CB
CDC25B,PFKFB4
GRM2,PIK3CD
EPHB2,GPX1
CAMK2B,CD22
CDC25A,PRKAA1
ERBB3,PRODH
JAK3,NAMPT
CAMK2G,SKP2
BIRC5,PIK3C2B
GPX1,TYK2
MAP2K5,PPP1CC
FN3K,NPR1
MAP2K7,MAP3K10
BRCA2,TPSAB1
HMGCR,PFKFB1
BCL2L1,BRD2
FGFR3,OXT
HMGCR,TST
KSR1,MAP2K2
FGFR3,PRKAR1A
AMHR2,CDC25B
CDKN1A,CSF3R
GMPS,MAPK3
BSG,CDK12
CD22,STMN1
ERBB3,PPP1CC
CSF3R,DMPK
CHD1,PIM2
CDC25A,FABP4
ALK,NAGK
GPI,PRKCZ
FABP4,PRKAR1A
DCXR,PTPRE
CDKN1A,MAP2K7
OXT,TSPO
MAP2K2,PIK3CB
MAP3K10,TSPO
ACVRL1,CIT
GRM2,LARS2
DMPK,TST
FN3K,PRKCA
MAP3K10,PIK3R2
CHD1,POMC
CDC25A,CDKN1A
CYP11B2,MAP3K10
MAP3K4,PIK3CB
HMGCR,PRKAA1
MAPK3,PIM1
TK1,TYK2
LCK,LTB4R
CAMK2A,DMPK
LTB4R,PIK3CG
EPHB2,TK1
BCAT2,SLC5A5
POMC,TPSAB1
AXL,BIRC5
CAMK1D,PIK3CD
AMHR2,TST
IGF1R,PIM2
MAP3K10,TPSAB1
CAMK2G,NOS2
CSF3R,PRKCD
DMPK,KSR1
CAMK2G,LTC4S
CIT,GPI
AOC1,UMPS
CSK,PKLR
GRM2,PTGIR
AOC3,MASP2
PIM2,TOP1
CARM1,DOT1L
GPI,TYK2
PIM1,PRKDC
BIRC5,ERBB2
CDKN1A,NOS2
MAPK12,SSTR5
BCL2L2,PIK3CG
MAP2K2,TST
GRM2,SSTR5
CAMK2G,NPR2
GPI,PTPRZ1
EPHB2,HMGA1
FGFR3,POMC
RELA,TK1
DDR2,DMPK
FN3K,MAP2K5
CSK,HCRTR1
DMPK,NPEPPS
CDK2,LTB4R
PIK3CB,PRSS8
CYP11B2,PIM1
PIK3CG,SPHK1
NOS2,PIK3CG
ACVRL1,LTC4S
AOC3,BCAT2
HMGA1,ITGB7
BIRC5,CD22
EPHB4,NTRK1
NR5A1,PRKCZ
EPHB2,PKLR
CDK2,CYP11B2
MAP2K2,PNMT
ITGB7,PTPRE
HCRT,KCNQ4
FABP4,KCNA3
CSNK1G2,TPSAB1
CKM,EPHA2
ITGA6,MAPK12
MCL1,PRKAA1
NPEPPS,PIK3CG
BCKDK,DMPK
BCL2L2,TPSAB1
EPHB4,LCK
AXL,CYP4F12
MAP3K10,SPHK2
AOC3,CDK12
PRKCZ,PTPRZ1
CD22,TPSAB1
CSNK1G2,TYK2
NAGK,TXN
CAMK2G,TPSAB1
MAPKAPK2,PLA2G2E
SPHK1,SRC
AOC3,CAMK2A
BCL2L1,PRKAA1
DDR2,PIK3CB
CDC25B,NOS2
PTPRJ,RPS6KA4
GRM2,NPEPPS
B4GALT1,B4GALT3
SLC39A9,TRAPPC13
SLC39A9,TRAPPC2L
MAN2A1,MOGS
ARF1,SAR1A
MAN1B1,MOGS
FUT8,MAN2A1
HSP90AB1,TRAPPC12
DCAF7,MOGS
RAB2A,TRAPPC12
ARF1,TRAPPC12
ARF1,HSP90AB1
ARFGAP2,RAB1A
ARL5A,ARL5B
ARF1,SEC24C
IGF1R,PTEN
ARF1,RAB1A
ARF1,SEC31A
ARF1,TRAPPC13
ARFGAP2,RAB1B
SLC39A9,TRAPPC12
SLC39A3,TRAPPC13
ARF1,TRAPPC2L
CAND1,GCNT2
SLC30A5,TRAPPC13
TCF3,TRAPPC2L
CAND1,RABGEF1
MAN2A1,SLC30A5
SLC30A5,TRAPPC2L
ARF1,UBE2M
ARL5A,HSP90AB1
IGF2BP1,TBL1XR1
NCOR1,TRAPPC12
IGF1R,NPRL3
BAZ1A,SEC23B
BAZ1A,TRAPPC12
TBL1XR1,TRAPPC12
CARM1,CBL
MAN1A1,SAR1A
CAND1,TBL1XR1
RAB1A,SLC30A5
SEC24A,SEC24B
IGF2BP1,SEC23B
ARF1,SEC23IP
DAZAP1,TRAPPC13
ARFGAP2,TRAPPC12
CAND1,SEC23B
RABGEF1,SLC33A1
MOGS,SAR1A
ARL5A,RAB2A
B4GALT3,MTF2
IGF1R,NPRL2
POLE3,TRAPPC13
TRAPPC2L,TRAPPC9
ARF1,TSC1
RAB1B,RAB2A
ARFGAP2,CARM1
BAZ1A,TRAPPC13
SEC23IP,VPS51
B4GALT3,EED
EED,PTEN
RAB1A,RAB2A
CBL,UBE2M
CTBP1,DEPDC5
ARFGAP2,ARL5A
BMI1,TRAPPC13
TBL1XR1,TRAPPC13
SLC39A9,TRAPPC2
ARL5A,SEC24A
RAB1A,TRAPPC12
SEC23B,UBE2M
RAB1A,TBL1XR1
MOGS,SLC33A1
MAN1A1,SEC23B
HNRNPD,TRAPPC2L
NCOR1,RAB1A
RAB2A,TBL1XR1
ARF1,RAB1B
ARL5A,TRAPPC12
CTBP1,TRAPPC13
CAND1,SAR1A
PTEN,TRAPPC13
BMI1,RAB1A
EP300,TRAPPC13
ARFGAP2,RAB2A
CTBP1,RAB1A
SLC30A5,TRAPPC12
RAB1A,SLC33A1
EP300,TRAPPC2L
IGF2BP1,KHSRP
SEC23IP,TBL1XR1
CTBP1,HNRNPD
B4GALT1,TSC1
B4GALT1,TRAPPC13
MAN1A1,SEC23IP
MAN1A1,SEC24B
TRAPPC10,TRAPPC13
ARF1,RAB5C
SLC33A1,SLC39A7
CBL,EZH2
DAZAP1,SEC23B
CBL,VPS45
SEC23IP,SLC39A9
CAND1,VPS45
RAB1B,SLC30A5
RAB1B,RAB5C
KHSRP,TRAPPC12
MTF2,TRAPPC12
SEC23IP,VPS53
POLE3,SEC31A
CBL,EED
ARFGAP2,CTBP1
ARF1,SLC39A3
RAB2A,TRAPPC13
SLC39A3,TRAPPC2L
RAB5C,TRAPPC12
ARL5A,RAB1B
IGF2BP1,RAB1A
BMI1,SAR1A
ARL5A,SEC24B
ARF1,B3GNT2
B4GALT1,RAB5C
SEC24B,TBL1XR1
B4GALT1,DEPDC5
B4GALT1,CTBP1
ARL5B,TRAPPC13
EZH2,RAB1A
CTBP1,SEC23B
ARF1,NPRL2
MAN1B1,RAB5C
NCOR1,TRAPPC13
DEPDC5,RAB1A
CAND1,RAB5C
B4GALT1,SEC24B
SLC39A3,VPS51
TRAPPC13,TRAPPC9
DAZAP1,RAB1A
SLC39A9,TBL1XR1
MAN1A1,TRAPPC12
HNRNPD,IGF2BP1
POLE3,TRAPPC2L
DEPDC5,MAN1A1
MAN1A1,SEC24C
SEC31A,TBL1XR1
MAN2A1,SLC39A7
CARM1,SLC39A7
HMGCR,TRAPPC12
ARL5A,SEC23IP
CTBP1,TRAPPC12
ARFGAP2,EED
MAN1B1,TBL1XR1
B4GALT1,NPRL2
FUT8,TRAPPC13
SEC23B,SLC33A1
EZH2,TSC1
HSP90AB1,UBE2J1
HNRNPD,TRAPPC13
ARIH2,SLC39A9
SAR1A,SLC30A5
EP300,NPRL3
CTBP1,IGF2R
ARFGAP2,SEC24B
B3GNT2,TSC2
EED,HDAC8
HSP90AB1,TSC1
IGF2BP1,SEC31A
DEPDC5,SEC31A
MTF2,POLE3
B4GALT1,TSC2
RAB1A,RAB5C
BAZ1A,MOGS
CARM1,SEC23B
POLE3,TRAPPC11
ARL5A,TBL1XR1
MTF2,TRAPPC13
BMI1,IGF2BP1
BAZ1A,SEC31A
IGF2BP1,SEC24C
CAND1,RAB1A
MAN1A1,RAB1A
ARFGAP2,EZH2
DEPDC5,IGF1R
ARL5A,SEC31A
B3GNT2,SEC24A
CARM1,SEC24B
B4GALT3,EZH2
CTBP1,FUT8
ARF1,IGF1R
NPRL3,RAB1A
SLC39A9,TRAPPC11
MOGS,RICTOR
CUL5,SEC24C
CARM1,SLC33A1
DEPDC5,GCNT2
CARM1,MOGS
ARF1,SEC23B
RAB5C,TRAPPC13
DEPDC5,TRAPPC13
KHSRP,TCF3
ARFGAP2,SEC24A
SLC33A1,VPS45
ARF1,TSC2
BMI1,SEC23B
ARIH2,NPRL2
CHRAC1,TRAPPC13
ARIH2,TSC2
ARL5A,TRAPPC13
NPRL2,SEC24A
B4GALT1,IGF2R
ARFGAP2,TRAPPC13
ARF1,DEPDC5
ARF1,MTF2
HMGCR,TRAPPC13
BMI1,MTF2
NCOR1,RAB1B
CUL5,SEC23B
CTBP1,SLC39A3
TSC2,UBE2J1
MAN1A1,RAB1B
BAZ1A,CTBP1
ARFGAP2,HMGCR
ARF1,RAB2A
MTF2,SLC39A3
B4GALT3,HSP90AB1
EP300,HMGCR
EED,RAB1A
RAB1A,SEC23IP
RAB2A,SEC23IP
MTF2,RABGEF1
EZH2,MAN1B1
IGF1R,RAB1B
HNRNPD,RAB1A
ARFGAP2,KHSRP
CUL5,EP300
DAZAP1,TSC1
DCAF7,SLC39A9
BMI1,SEC31A
EZH2,MAN1A1
RAB5C,SEC31A
GCNT2,POLE3
MAN2A1,SEC24B
TRAPPC2,TRAPPC9
HDAC8,TSC2
SLC33A1,TRAPPC2L
ARFGAP2,MTF2
CARM1,RAB5C
ARL5A,B3GNT2
CUL4A,HMGCR
CUL4A,DEPDC5
MAN2A1,SEC24A
ARL5B,TRAPPC2L
ARFGAP2,HSP90AB1
EED,MAN2A1
CAND1,CARM1
KHSRP,RAB1A
ARL5A,CUL4A
CBL,RAB5C
SEC23B,UBE2J1
CTBP1,TRAPPC2L
TRAPPC13,TRAPPC2L
FUT8,RAB1A
CARM1,TCF3
B4GALT3,SLC39A7
MTF2,RAB1A
MAN1A1,TRAPPC13
CAND1,RAB2A
IGF2BP1,SEC24B
EZH2,MAN2A1
EED,HSP90AB1
EZH2,SLC39A9
IGF2BP1,MAN1A1
HMGCR,TCF3
B4GALT3,SLC39A9
ARFGAP2,TBL1XR1
BMI1,IGF1R
SEC23IP,UBE2M
IGF2BP1,PTEN
CTBP1,SEC23IP
BAZ1A,RAB1A
ARL5A,SEC23B
NPRL2,RAB1A
ARF1,EZH2
ARL5A,RAB1A
CHRAC1,NPRL3
CUL5,SLC33A1
BMI1,TRAPPC12
NPRL3,TCF3
IGF2R,UBE2M
CBL,SEC23B
RAB1B,UBE2M
EZH2,HDAC8
EED,IGF2R
BMI1,SEC23IP
FUT8,TRAPPC12
B4GALT1,NPRL3
ARFGAP2,VPS51
FUT8,SEC24A
FUT8,RAB5C
BMI1,NPRL3
SEC24B,TRAPPC12
MTF2,SEC31A
B3GNT2,RAB1A
B4GALT1,MOGS
EZH2,IGF2R
CHRAC1,VPS51
MAN1A1,SEC31A
SLC30A5,TRAPPC10
TBL1XR1,TCF3
CUL4A,VPS51
ARL5A,SAR1A
MAN1A1,MOGS
POLE3,SLC30A5
CARM1,TRAPPC12
HSP90AB1,TRAPPC13
HSP90AB1,RAB2A
SEC23B,SLC39A7
NCOR1,SEC31A
MOGS,TRAPPC10
DAZAP1,RABGEF1
GCNT2,TBL1XR1
BAZ1A,MAN1B1
MTF2,NPRL2
B4GALT3,TSC1
IGF2R,TRAPPC13
KHSRP,SEC24A
BAZ1A,VPS51
ARFGAP2,TSC1
HNRNPD,MTF2
TCF3,VPS45
TRAPPC10,TRAPPC2
CAND1,SEC24B
TCF3,VPS51
GCNT2,HNRNPD
RAB5C,SEC24A
HNRNPD,MOGS
ARFGAP2,VPS45
CHRAC1,HMGCR
IGF2BP1,RAB5C
DAZAP1,TRAPPC12
ARL5A,NPRL2
DCAF7,SEC24B
ARL5B,SEC24B
B3GNT2,UBE2J1
HSP90AB1,VPS45
ARIH2,HMGCR
CARM1,SEC23IP
CHRAC1,NPRL2
KHSRP,SEC24B
IGF2BP1,TRAPPC13
DCAF7,HSP90AB1
CUL4A,SLC39A9
B4GALT3,TRAPPC5
HDAC8,TSC1
MAN2A1,TRAPPC13
RAB1A,SLC39A7
POLE3,TRAPPC12
CTBP1,DAZAP1
EP300,TRAPPC5
BAZ1A,TRAPPC2L
NPRL2,TRAPPC13
SEC24B,UBE2M
B4GALT3,UBE2J1
FUT8,RAB1B
MTF2,SEC24B
CUL4A,EP300
B3GNT2,TBL1XR1
BMI1,TSC2
CUL4A,RAB1A
HMGCR,MOGS
RAB5C,TBL1XR1
B4GALT3,SEC24B
CUL5,SLC30A5
RABGEF1,TCF3
RAB2A,RICTOR
B4GALT1,CARM1
RAB5C,SEC24B
ARFGAP2,SEC23IP
EP300,NPRL2
B3GNT2,NPRL2
NPRL3,SLC39A9
BAZ1A,GCNT2
DAZAP1,DEPDC5
PTEN,SEC24B
NCOR1,SLC39A9
ARL5A,RAB5C
TRAPPC13,TSC1
HMGCR,NPRL3
BMI1,NPRL2
CBL,TRAPPC13
KHSRP,TRAPPC10
B3GNT2,NPRL3
TRAPPC10,TRAPPC2L
CAND1,PTEN
NPRL3,TRAPPC13
IGF1R,VPS45
HDAC8,TRAPPC11
MOGS,POLE3
DEPDC5,TRAPPC2L
ARFGAP2,CAND1
RICTOR,SEC23IP
BMI1,CUL4A
ARF1,KHSRP
ARL5B,RAB2A
GCNT2,NPRL3
ARL5A,NCOR1
FUT8,SEC23B
HDAC8,IGF2BP1
ARL5B,SEC24A
IGF2R,RAB1A
MTF2,SEC23IP
ARF1,RABGEF1
MAN2A1,SEC31A
ARFGAP2,SAR1A
BMI1,CBL
IGF2BP1,RAB1B
CTBP1,KHSRP
B4GALT1,SLC39A9
ARL5A,GCNT2
HSP90AB1,RABGEF1
CARM1,SAR1A
MAN1B1,RAB2A
MAN1A1,TRAPPC2L
CAND1,KHSRP
HDAC8,SLC30A5
CTBP1,MOGS
MAN1B1,PTEN
IGF2R,SEC24B
CUL4A,POLE3
ARL5B,EED
EP300,RAB5C
SLC39A3,TRAPPC5
ARL5A,MAN2A1
IGF1R,RABGEF1
BMI1,UBE2J1
ARF1,VPS51
SEC24A,TSC2
B4GALT1,UBE2M
B4GALT1,SAR1A
TCF3,TRAPPC13
SLC30A5,VPS51
UBE2M,VPS45
MAN1B1,NPRL3
ARL5B,RAB5C
RAB1A,UBE2J1
DCAF7,SAR1A
FUT8,SAR1A
HMGCR,RAB1A
HMGCR,KHSRP
ARFGAP2,DCAF7
SEC24A,SLC39A9
SLC30A5,TRAPPC2
B4GALT3,TRAPPC13
SEC24A,TRAPPC12
CHRAC1,TRAPPC2L
B4GALT1,HNRNPD
B4GALT3,TBL1XR1
CBL,MAN1A1
RICTOR,TRAPPC13
CUL5,TSC1
BAZ1A,VPS45
IGF2R,TRAPPC12
IGF1R,IGF2R
B3GNT2,IGF1R
MAN2A1,TRAPPC9
IGF2BP1,TRAPPC12
EED,NPRL2
CUL4A,SLC39A3
ARL5A,CBL
RAB2A,SEC24B
DCAF7,VPS51
CAND1,SEC24A
RAB1A,TRAPPC13
CBL,NCOR1
CUL4A,SAR1A
EP300,VPS51
NCOR1,RAB2A
CHRAC1,VPS53
ARL5A,B4GALT3
ARF1,CAND1
BAZ1A,SEC24C
CARM1,RAB1A
ARF1,HDAC8
EZH2,SEC23IP
CBL,SLC39A3
TRAPPC13,UBE2M
NCOR1,SAR1A
GCNT2,VPS53
HDAC8,TRAPPC2L
IGF2BP1,SAR1A
CUL5,VPS51
IGF1R,TRAPPC12
MTF2,RAB2A
PTEN,VPS53
HSP90AB1,RAB1A
KHSRP,TRAPPC13
CUL5,TCF3
IGF2BP1,NCOR1
HNRNPD,TRAPPC12
DCAF7,TRAPPC12
TRAPPC13,TSC2
CUL4A,RAB5C
RAB1A,SEC23B
DCAF7,IGF2BP1
CUL5,NPRL3
RAB2A,RAB5C
B4GALT1,SEC24A
RAB1A,UBE2M
RAB1B,TBL1XR1
IGF2BP1,SEC23IP
RAB5C,SEC23IP
ARFGAP2,BAZ1A
B3GNT2,RABGEF1
SLC33A1,TRAPPC2
RAB1A,SEC24A
HNRNPD,MAN1A1
EZH2,POLE3
FUT8,MTF2
CTBP1,NPRL2
MTF2,TRAPPC11
FUT8,SEC24B
SLC30A5,TRAPPC9
KHSRP,SEC23IP
TRAPPC13,UBE2J1
SAR1A,SLC39A7
HSP90AB1,MAN1A1
BMI1,CAND1
CBL,HNRNPD
GCNT2,RAB1A
HNRNPD,MAN1B1
DAZAP1,DCAF7
ARL5A,NPRL3
IGF2BP1,NPRL3
HSP90AB1,IGF2R
EP300,SLC33A1
CTBP1,RAB5C
PTEN,RAB5C
HNRNPD,TRAPPC11
EED,MAN1A1
ARFGAP2,VPS53
TCF3,TRAPPC2
BAZ1A,EZH2
SLC33A1,TRAPPC5
GCNT2,TRAPPC11
HMGCR,RAB1B
CAND1,TRAPPC12
NPRL2,TCF3
CHRAC1,EED
CUL5,RICTOR
CBL,DAZAP1
CUL4A,MTF2
HSP90AB1,SLC33A1
ARL5A,TRAPPC10
BAZ1A,DEPDC5
BAZ1A,FUT8
ARL5B,EZH2
B3GNT2,SEC23IP
TRAPPC10,TRAPPC11
CUL4A,MAN2A1
EP300,RAB1A
SLC39A7,TRAPPC13
DEPDC5,SLC33A1
ARL5A,CARM1
CARM1,FUT8
ARF1,RICTOR
CBL,KHSRP
HMGCR,IGF2BP1
MAN2A1,SAR1A
HSP90AB1,MOGS
TCF3,TRAPPC9
BAZ1A,MAN2A1
IGF2R,MAN1B1
SEC24B,SLC39A9
DCAF7,VPS53
EED,MAN1B1
IGF1R,MAN1B1
ARL5A,HNRNPD
CTBP1,NPRL3
IGF1R,TRAPPC13
TRAPPC2L,TSC2
DAZAP1,GCNT2
NCOR1,SLC39A3
DCAF7,SEC24A
NCOR1,SEC23IP
RAB1B,SEC23IP
ARIH2,SEC24C
HDAC8,NPRL3
POLE3,TRAPPC5
ARL5A,EZH2
IGF2R,SEC23IP
TRAPPC11,UBE2M
ARL5B,RAB1A
ARL5B,TRAPPC12
SEC23B,TBL1XR1
TRAPPC2L,TSC1
ARL5A,FUT8
POLE3,TCF3
SLC33A1,VPS51
B3GNT2,PTEN
ARF1,CBL
RABGEF1,UBE2M
EED,SEC24B
CBL,RABGEF1
MAN1A1,TRAPPC9
HMGCR,RABGEF1
GCNT2,SLC33A1
HDAC8,VPS45
BAZ1A,EED
CBL,NPRL3
EZH2,VPS51
HDAC8,RABGEF1
ARF1,SEC24A
CUL4A,UBE2J1
MAN1A1,SLC39A3
HMGCR,SEC23B
KHSRP,TRAPPC2L
SEC31A,SLC39A9
ARFGAP2,UBE2M
CTBP1,HMGCR
DAZAP1,TRAPPC10
EED,POLE3
SAR1A,TBL1XR1
KHSRP,PTEN
B3GNT2,SLC39A9
ARL5B,SAR1A
HRAS,MTOR
HRAS,CHMP6
HRAS,EXOC3
HRAS,ATP1A1
NRAS,MTOR
NRAS,CHMP6
NRAS,EXOC3
NRAS,ATP1A1
KRAS,MTOR
KRAS,CHMP6
KRAS,EXOC3
KRAS,ATP1A1
KRAS,PI4KA
NRAS,PI4KA
HRAS,PI4KA
NRAS,SLC7A1
NRAS,VPS51
KRAS,SLC7A1
KRAS,VPS51
KRAS,NOTCH1
HRAS,NOTCH1
KRAS,SLCO4A1
KRAS,SLC12A7
KRAS,MAPKAP1
HRAS,MAPKAP1
KRAS,SLC7A5
HRAS,SLC7A5
NRAS,SLC7A5
KRAS,SLC3A2
HRAS,SLC3A2
NRAS,SLC3A2
KRAS,YKT6
NRAS,YKT6
KRAS,BSG
NRAS,BSG
KRAS,DAG1
KRAS,SLC1A5
TP63,SETD1B
TP63,TSC1
TP63,ARHGAP35
TP63,ASB17
TP63,AURKC
TP63,C14orf39
TP63,C16orf90
TP63,C5orf22
TP63,CALML4
TP63,CMTM3
TP63,CYLC2
TP63,D2HGDH
TP63,DDX59
TP63,EP300
TP63,FLCN
TP63,GATAD1
TP63,MIR1257
TP63,MIR6800
TP63,MIR7843
TP63,MIR92A2
TP63,HSF4
TP63,IGDCC4
TP63,ILF2
TP63,IRX3
TP63,KLF5
TP63,KPNA4
TP63,MAGEF1
TP63,NES
TP63,NFIL3
TP63,OGFOD2
TP63,OR6M1
TP63,PEX16
TP63,PLEKHM1
TP63,PPP4R4
TP63,PRSS56
TP63,PSPH
TP63,PTX3
TP63,RALGAPB
TP63,SEMA3C
TP63,SETDB1
TP63,SIRT1
TP63,ST3GAL6
TP63,TARDBP
TP63,TBX20
TP63,TRIM26
TP63,TSGA10IP
TP63,UPK1A
TP63,USHBP1
TP63,USP35
TP63,ZNF607
APC,CDK4
APC,IL22RA1
APC,IL22
APC,PIK3CA
AR,BRCA1
AR,TNFRSF1A
ATF2,JAK1
ATM,IL6R
ATM,NOD2
BRCA1,IKBKB
BRCA1,IL22RA2
BRCA1,VHL
BTK,FADD
CDK4,MYC
CDK4,TP53
E2F1,IL1R1
E2F1,JAK1
E2F1,MBTPS1
E2F4,NOD2
FADD,IRF3
FGFR4,IL22RA1
FGFR4,PIK3R1
FGFR4,SRC
HRAS,IL22RA1
IFNAR2,MAP3K11
IFNL1,LCK
IFNL1,VHL
IL10RA,S1PR1
IL10,MCL1
IL12RB1,IL6
IL21R,LCK
IL22RA1,VHL
IL22RA2,STAT3
IL22,NOD2
IL6R,LCK
IL6R,PIK3R3
IL6R,TNF
IRF3,S1PR1
MCL1,TNFRSF1A
MOK,STAT1
MSH2,VHL
MYC,STAT3
NFKB2,PML
RELB,S1PR1
TNFRSF1A,VHL
FASN,SLCO4A1
FASN,LDLR
FASN,C12orf49
FASN,RABL3
FASN,MOGS
FASN,LDLRAP1
FASN,PAPSS1
FASN,RAB3GAP2
FASN,PRUNE
FASN,PGRMC2
FASN,ARL1
FASN,SREBF2
FASN,ACAT2
FASN,RAB18
FASN,USP14
FASN,TM9SF3
FASN,ACSL1
FASN,UBA5
FASN,MAP4K4
FASN,ACSL3
FASN,ALG9
FASN,MATR3
FASN,INPP5K
FASN,SCAP
FASN,ALG3
FASN,JTB
FASN,TSSC1
FASN,USP9X
FASN,PHF12
FASN,SAR1A
FASN,DPM1
FASN,LDHB
FASN,KIF23
FASN,SLC39A9
FASN,GCLC
FASN,ASPM
FASN,FCHO2
FASN,UROS
FASN,ZFP36L2
FASN,HNRNPF
FASN,KPNA4
FASN,WDR83OS
FASN,C12orf66
FASN,UBR4
FASN,LCMT1
FASN,CDK5
FASN,SLC33A1
FASN,KCTD5
FASN,CLASP2
FASN,ALDH3A2
FASN,PTAR1
FASN,DEPDC5
FASN,TBC1D20
FASN,SZT2
FASN,CHKA
FASN,GATAD1
FASN,EDC3
FASN,MIB1
FASN,SGPL1
FASN,INPPL1
FASN,VDAC2
FASN,TMEM68
FASN,TSC2
FASN,KHDRBS1
FASN,SLC35A2
FASN,ALDH18A1
FASN,RABGEF1
FASN,PAXIP1
FASN,WAC
FASN,DOLPP1
FASN,ILF3
FASN,SLC35A1
FASN,GET4
FASN,PSMF1
FASN,MCM8
FASN,SEC16A
FASN,PPHLN1
FASN,MAD2L1BP
FASN,NPRL2
FASN,MBTPS2
FASN,TPK1
FASN,GTPBP2
FASN,CRAMP1L
FASN,MTF2
FASN,DBF4
FASN,DERL2
FASN,SMARCD1
FASN,SLC52A2
FASN,MGAT2
FASN,NIPBL
FASN,EAF1
FASN,KEAP1
FASN,MON2
FASN,ZSWIM6
FASN,PRKCSH
FASN,MPDU1
FASN,MAU2
FASN,ALG6
FASN,SAFB
FASN,CLCC1
FASN,CAPN15
FASN,SLC25A13
FASN,TAF4
FASN,CHD1
FASN,SOX4
FASN,RFWD2
FASN,MTF1
FASN,TSC1
FASN,MORC2
FASN,UFC1
FASN,CUL5
FASN,SALL1
FASN,PLCG1
FASN,TGIF2
FASN,EP300
FASN,ANKRD32
FASN,TEAD1
FASN,CNOT2
FASN,NARS
FASN,NAA35
FASN,SMARCAL1
FASN,MCM9
FASN,RAB1A
FASN,PGM3
FASN,MPHOSPH8
FASN,LPCAT1
FASN,EIF3K
FASN,OTUD5
FASN,ZFX
FASN,ALG8
FASN,ASF1A
FASN,GNPTAB
FASN,PC
FASN,SOX12
FASN,SESN2
FASN,NRBP1
FASN,UBE2J2
FASN,E2F7
FASN,MFSD2A
FASN,GLTSCR1
FASN,BRD4
FASN,RAB10
FASN,HEATR1
FASN,DDX54
FASN,TECR
FASN,TLK2
FASN,ARID5B
FASN,CTR9
FASN,CAND1
FASN,DNAJB9
FASN,KCMF1
FASN,SMG7
FASN,C1orf27
FASN,RER1
FASN,BOLA3
FASN,WDR82
ACACA,C12orf49
ACACA,PFAS
ACACA,PGAP2
ACACA,MOGS
ACACA,MBTD1
ACACA,MYO10
ACACA,BRD2
ACACA,KPNA3
ACACA,SHMT2
ACACA,ATL2
ACACA,PPHLN1
ACACA,HDAC3
ACACA,NXF1
ACACA,RBSN
ACACA,RALGAPB
ACACA,MAP4K4
ACACA,SERPINB6
ACACA,ZDBF2
ACACA,SOAT1
ACACA,TIPRL
ACACA,KNSTRN
ACACA,RHOG
ACACA,RLIM
ACACA,SLC33A1
ACACA,AP2S1
ACACA,GMPS
ACACA,VDAC2
ACACA,CLCC1
ACACA,SLC35B2
ACACA,MRPL35
ACACA,PTPLAD1
ACACA,HFE2
ACACA,MRPS21
ACACA,OXSM
ACACA,WEE1
ACACA,RAB3GAP2
ACACA,SRSF1
ACACA,C6orf57
ACACA,DHODH
ACACA,RBM39
ACACA,UNKL
ACACA,DDX46
ACACA,PCNT
ACACA,SUPT16H
ACACA,MSTO1
ACACA,PIGC
ACACA,EIF3M
ACACA,SEC31A
ACACA,C3orf58
ACACA,PGRMC2
ACACA,CORO2B
ACACA,ELMO2
ACACA,SLCO4A1
ACACA,FASN
ACACA,CCDC140
ACACA,AURKA
ACACA,NOP58
ACACA,FAM186B
ACACA,FPGS
ACACA,SEPT5
ACACA,ILK
ACACA,VMA21
ACACA,ITGB1
ACACA,SPAG7
ACACA,UFL1
ACACA,KAT7
ACACA,NOL4L
ACACA,UBE2G2
ACACA,GANAB
ACACA,TMEM25
ACACA,INPP5A
ACACA,H2AFZ
ACACA,RAB15
ACACA,HNRNPA2B1
ACACA,YRDC
FASN,SYS1
FASN,BAHD1
FASN,IWS1
FASN,PCNT
FASN,CDC45
FASN,CDC16
FASN,TRAPPC3
FASN,PQLC2
FASN,PHF5A
FASN,SMC3
FASN,NOSIP
FASN,INPP5B
FASN,SENP8
FASN,ATAD2
FASN,LENG8
FASN,FRZB
FASN,GNA13
FASN,INTS2
FASN,FBXL5
FASN,TGFBR1
FASN,SPNS1
FASN,FITM2
FASN,FLNA
FASN,WWOX
FASN,WBSCR16
FASN,ELK1
FASN,FBXO21
FASN,PRKAG1
FASN,ZMYM4
FASN,NSMCE1
FASN,HELZ
FASN,THOC3
FASN,XPO1
FASN,FASTKD5
FASN,COG2
FASN,TLK1
FASN,CDK5RAP3
FASN,GFPT1
FASN,PSMD4
FASN,ANKS1A
FASN,ANAPC11
FASN,PIK3R2
FASN,OR2F2
FASN,REST
FASN,CLEC14A
FASN,TRUB2
FASN,PTPLAD1
FASN,NUSAP1
FASN,COA6
FASN,COLEC10
FASN,RAB2A
FASN,DHX36
FASN,SLC22A9
FASN,MCM3AP
FASN,HNRNPA1
FASN,MARCH5
FASN,TRIB3
FASN,MRE11A
FASN,LYSMD4
FASN,ZNF408
FASN,SLC7A6OS
FASN,STRA6
FASN,TMEM258
FASN,MCUR1
FASN,DIO1
FASN,CSNK2A1
FASN,SLC6A9
FASN,BTBD7
FASN,EXOSC1
FASN,VRK1
FASN,ACAD9
FASN,LRRC20
FASN,MUC12
FASN,ETFA
FASN,OR2G6
FASN,PRDM10
FASN,FBXO42
FASN,SCAI
FASN,SYVN1
FASN,PPIL3
FASN,GRIK2
FASN,PKMYT1
FASN,PPP2R5C
FASN,FIBP
FASN,KPTN
FASN,PLEKHA3
FASN,MANF
FASN,INPP4A
FASN,BIRC6
FASN,SRSF5
FASN,GGNBP2
FASN,XRN1
FASN,SMS
FASN,PDCD6IP
FASN,RAB3GAP1
FASN,TMEM30A
FASN,ALG12
FASN,UGP2
FASN,TMEM147
FASN,SEL1L
FASN,NAA40
FASN,PFN1
FASN,PNRC2
FASN,CKAP2L
FASN,PTPLB
FASN,GPS2
FASN,NMNAT1
FASN,C1orf43
FASN,PAGR1
FASN,ATP13A1
FASN,KMT2C
FASN,COIL
FASN,PES1
FASN,CNNM3
FASN,LSM6
FASN,MBTPS1
FASN,SMPD1
FASN,EIF1
FASN,CEPT1
FASN,VPS72
FASN,VPS52
FASN,KDM5A
FASN,FECH
FASN,ILF2
FASN,NAMPT
FASN,UBE2G2
FASN,C15orf57
FASN,DIS3L2
FASN,GGPS1
FASN,C11orf30
FASN,TRAPPC2L
FASN,TMED2
FASN,CNOT11
FASN,VPS16
FASN,SLC6A8
FASN,MBTD1
FASN,AIG1
FASN,TMED9
FASN,FANCD2
FASN,ITFG2
FASN,TBC1D7
FASN,YTHDF2
FASN,C20orf24
FASN,PRMT1
FASN,XRCC2
FASN,MSL1
FASN,DMAP1
FASN,BAG6
FASN,GTF2E2
FASN,ATL2
FASN,NBAS
FASN,GTF2I
FASN,EDC4
FASN,AUP1
FASN,KCNK2
FASN,UBE2J1
FASN,AURKA
FASN,TRIP13
FASN,VEZF1
FASN,CPEB1
FASN,RBM7
FASN,GSS
FASN,CXorf56
FASN,UBE2V2
FASN,PARP1
FASN,OAZ1
FASN,ATAD3A
FASN,TMEM165
FASN,SFXN1
FASN,SMC6
FASN,VPS54
FASN,RAB5C
FASN,ZFAT
FASN,SCAF1
FASN,DET1
FASN,TMED10
FASN,GIGYF2
FASN,SEC63
FASN,UBE2T
FASN,STT3B
FASN,TRAPPC13
FASN,MRPS9
FASN,PPME1
FASN,USP3
FASN,TAF3
FASN,CNOT1
FASN,ATP6V1E1
FASN,PPP2R5E
FASN,KHSRP
FASN,USP19
FASN,TGIF1
FASN,TFAP4
FASN,NUAK1
FASN,C1orf35
FASN,C19orf10
FASN,MARK3
FASN,DNM1L
FASN,RASEF
FASN,RBM5
FASN,GPATCH8
FASN,LIN28A
FASN,LMBR1
FASN,NUDC
FASN,MFGE8
FASN,RECQL5
FASN,GCSH
FASN,RLF
FASN,PPP2CA
FASN,C2CD5
FASN,TTK
FASN,BMP1
FASN,PABPC4L
FASN,MCM6
FASN,LMAN1L
FASN,MRPL14
FASN,CDK9
FASN,UBN1
FASN,TRIM56
FASN,TEX19
FASN,HAUS3
FASN,SIN3B
FASN,OR4D1
FASN,CEP85
FASN,DCTN1
FASN,NF1
FASN,LTBP1
FASN,CCL11
FASN,LIN52
FASN,GPR107
FASN,SOWAHB
FASN,EZH2
FASN,GABPB1
FASN,DTL
FASN,STRADA
FASN,SCAPER
FASN,HECA
FASN,ALOX12
FASN,LLGL2
FASN,TAS1R1
FASN,MAML2
FASN,SLC34A3
FASN,BAP1
FASN,AMHR2
FASN,CYB5R4
FASN,RGL4
FASN,RNASEH2B
FASN,C2orf72
FASN,ARHGEF28
FASN,DDOST
FASN,ATP13A3
FASN,TRA2A
FASN,NUP188
FASN,SLC39A8
FASN,GJD2
FASN,NIT1
FASN,C15orf40
LDLR,LSS
LDLR,ACAT2
LDLR,HDAC3
LDLR,NSDHL
LDLR,SQLE
LDLR,HSD17B7
LDLR,CS
LDLR,TRMU
LDLR,FDFT1
LDLR,MSMO1
LDLR,C14orf1
LDLR,MTF2
LDLR,FIBP
LDLR,MPC1
LDLR,CPOX
LDLR,SLC25A1
LDLR,PDHA1
LDLR,PDHB
LDLR,OSGEPL1
LDLR,EED
LDLR,ALG3
LDLR,MBTD1
LDLR,SLC26A6
LDLR,KDM5C
LDLR,SREBF2
LDLR,CLPX
LDLR,MST1
LDLR,MBTPS2
LDLR,SLC52A2
LDLR,GTPBP2
LDLR,DLAT
LDLR,TMEM165
LDLR,PREPL
LDLR,HEXIM1
LDLR,YTHDF2
LDLR,HMGCR
LDLR,FAM109B
LDLR,OTUD5
LDLR,SAR1A
LDLR,DNAJB9
LDLR,HMGCS1
LDLR,EZH2
LDLR,MIF
LDLR,KPNA4
LDLR,XPNPEP3
LDLR,CHCHD1
LDLR,CDK14
LDLR,KEAP1
LDLR,E2F7
LDLR,LCMT1
LDLR,ALG9
LDLR,INPP4A
LDLR,POLE3
LDLR,GLCE
LDLR,UROS
LDLR,FOXO3
LDLR,ALG12
LDLR,MANF
LDLR,BBC3
LDLR,SNRPD1
LDLR,SAFB
LDLR,CHD1
LDLR,INSIG1
LDLR,SNAPC2
LDLR,SNAPC3
LDLR,UBA5
LDLR,MYH10
LDLR,OAZ1
LDLR,ZNF415
LDLR,METTL16
LDLR,RECQL5
LDLR,ZCWPW1
LDLR,BAG6
LDLR,P4HB
LDLR,MRPL51
LDLR,BABAM1
LDLR,GPS2
LDLR,SACM1L
LDLR,CLTC
LDLR,EPHA6
LDLR,PAPOLG
LDLR,MTF1
LDLR,EIF4E2
LDLR,SSR3
LDLR,KPNA2
LDLR,KPNA3
LDLR,OR56A4
LDLR,CSK
LDLR,TIMM22
LDLR,SF3A1
LDLR,CDK5RAP1
LDLR,PPTC7
LDLR,WBP1L
LDLR,VARS2
LDLR,CBLL1
LDLR,ASNSD1
LDLR,DENND5B
LDLR,MON2
LDLR,HSPA5
LDLR,C12orf40
LDLR,PREX2
LDLR,GPI
LDLR,PLK1
LDLR,CAPRIN1
LDLR,NXPH3
LDLR,RNH1
LDLR,ATG9A
LDLR,CYP3A5
LDLR,USP9X
LDLR,POLA2
LDLR,KIAA1429
LDLR,RPL10A
LDLR,USP3
LDLR,CCDC120
LDLR,FXR1
LDLR,SERF2
LDLR,POLR2L
LDLR,LDHB
LDLR,HAUS2
LDLR,RIC8A
LDLR,STH
LDLR,MSL2
LDLR,EXT1
LDLR,MYH8
LDLR,HNRNPUL1
LDLR,TMEM126B
LDLR,POLA1
LDLR,AP5S1
LDLR,PTPN11
LDLR,DOLPP1
LDLR,SPTLC1
LDLR,DDX59
LDLR,C22orf39
LDLR,ZNF106
LDLR,SRRM1
LDLR,MCM8
LDLR,SNRPF
LDLR,FCHO2
LDLR,REG3G
LDLR,PARP1
LDLR,LIMS1
LDLR,EMC6
LDLR,MYH9
LDLR,THRB
LDLR,PUS3
LDLR,TRMT44
LDLR,MLX
LDLR,MORC2
LDLR,ACO2
LDLR,ZNF486
SREBF1,SREBF2
SREBF1,MBTPS2
SREBF1,TSC2
SREBF1,SUZ12
SREBF1,SLC52A2
SREBF1,MPHOSPH8
SREBF1,SLC35B3
SREBF1,BRD1
SREBF1,TFDP1
SREBF1,TSC1
SREBF1,SMARCC1
SREBF1,IFITM2
SREBF1,NEDD1
SREBF1,ATP6V0A2
SREBF1,CENPC
SREBF1,ZC3H11A
SREBF1,DDX55
SREBF1,PPP4R1
SREBF1,WSB1
SREBF1,UPF2
SREBF1,GID4
SREBF1,ENDOD1
SREBF1,MESDC2
SREBF1,KDELR3
SREBF1,GPX8
SREBF1,NOD1
SREBF1,ENO3
SREBF1,TUBGCP5
SREBF1,EZH2
SREBF1,PRPF38B
SREBF1,PRDM4
SREBF1,CPNE7
SREBF1,LGALS14
SREBF1,CAB39
SREBF2,PAPSS1
SREBF2,SLC25A1
SREBF2,HTRA2
SREBF2,HDAC3
SREBF2,LDLRAP1
SREBF2,OTX2
SREBF2,USP7
SREBF2,BAX
SREBF2,MEAF6
SREBF2,C16orf72
SREBF2,TCEB3
SREBF2,TRAF5
SREBF2,CTR9
SREBF2,HK2
SREBF2,MFN2
SREBF2,EAF1
SREBF2,FGF3
SREBF2,SMURF1
SREBF2,RD3
SREBF2,SUB1
SREBF2,GATAD1
SREBF2,PDHA1
SREBF2,EIF2AK4
SREBF2,SF3B4
SREBF2,AGPAT5
SREBF2,BBC3
SREBF2,TPR
SREBF2,RAB3GAP2
SREBF2,EPC2
SREBF2,VPS16
SREBF2,ATP6V0B
SREBF2,KDM2A
SREBF2,SLC25A39
SREBF2,ADCK2
SREBF2,TMEM41B
SREBF2,MEX3A
SREBF2,CLPB
SREBF2,TBC1D20
SREBF2,EPHB2
SREBF2,C17orf105
SREBF2,MBTPS2
SREBF2,PSMC6
SREBF2,MAP2K7
SREBF2,ULK2
SREBF2,ABHD14A
SREBF2,SKA3
SREBF2,GJC2
SREBF2,ARMC5
SREBF2,HNRNPK
SREBF2,AZGP1
SREBF2,ZNF37A
SREBF2,FTL
SREBF2,EMC4
SREBF2,PRKAR1A
SREBF2,TMEM88B
SREBF2,NUDT21
SREBF2,ARL1
SREBF2,VPS52
SREBF2,HAUS6
SREBF2,ZNF655
SREBF2,TGIF2
SREBF2,CREM
SREBF2,GPS2
SREBF2,MARCH7
SREBF2,PARL
SREBF2,H1FX
SREBF2,BEND6
SREBF2,TAF6
SREBF2,RPP21
SREBF2,PCDHA13
SREBF2,UNC13D
SREBF2,ABCC3
SREBF2,TBCB
SREBF2,UCP1
SREBF2,SF3A3
SREBF2,FBXO5
SREBF2,SRM
SREBF2,FTSJ2
SREBF2,MTRF1
SREBF2,ZNF217
SREBF2,ACACA
SREBF2,UBE2H
SREBF2,HEXIM1
SREBF2,TMEM106A
SREBF2,ZFAT
SREBF2,CRMP1
SREBF2,INPP4A
SREBF2,DNAJC19
SREBF2,EMC6
SREBF2,SUV420H1
SREBF2,PRDX5
SREBF2,SYS1
SREBF2,SLBP
SREBF2,OR9I1
SREBF2,AZIN1
SREBF2,ATAD3A
SREBF2,CCT5
C12orf49,HTRA2
C12orf49,LDLR
C12orf49,SLC25A1
C12orf49,CENPO
C12orf49,SCD
C12orf49,RAB3GAP2
C12orf49,TAZ
C12orf49,INTS6
C12orf49,PDHA1
C12orf49,ALG3
C12orf49,OGT
C12orf49,GLUL
C12orf49,ZFX
C12orf49,MEAF6
C12orf49,ARMC5
C12orf49,SPOP
C12orf49,ACSL1
C12orf49,PAK2
C12orf49,HK2
C12orf49,RBM7
C12orf49,MICU1
C12orf49,DERL2
C12orf49,SETD1B
C12orf49,EIF2AK1
C12orf49,TIMM8B
C12orf49,MBTPS2
C12orf49,C9orf171
C12orf49,LAS1L
C12orf49,CENPP
C12orf49,FLCN
C12orf49,RPUSD3
C12orf49,NT5C2
C12orf49,NCAPG2
C12orf49,COQ2
C12orf49,DCTN6
C12orf49,DKC1
C12orf49,PCYT2
C12orf49,MTMR9
C12orf49,VPS18
C12orf49,UBA1
C12orf49,RBM15
C12orf49,SETD2
C12orf49,EHMT2
C12orf49,ADO
C12orf49,MTF1
C12orf49,FAM50A
C12orf49,VDAC2
C12orf49,MLXIPL
C12orf49,TBC1D20
C12orf49,CLPB
C12orf49,TECR
C12orf49,CHCHD3
C12orf49,C11orf30
C12orf49,MIB1
C12orf49,PTAR1
C12orf49,IGBP1
C12orf49,POLR2B
C12orf49,TIMM23
C12orf49,SLC15A2
C12orf49,HDAC3
C12orf49,ABCB7
C12orf49,SUGP1
C12orf49,SLC25A37
C12orf49,NF2
C12orf49,DHX30
C12orf49,ATP1A3
C12orf49,DUSP28
C12orf49,HNRNPR
C12orf49,DDX5
C12orf49,YLPM1
C12orf49,BRF1
C12orf49,UPF1
C12orf49,UTP14A
C12orf49,CPLX3
C12orf49,DLAT
C12orf49,XPNPEP3
C12orf49,MTX1
C12orf49,RER1
C12orf49,RWDD4
C12orf49,SMARCC1
C12orf49,VKORC1L1
C12orf49,EIF2S2
C12orf49,RRAGA
C12orf49,NKAP
C12orf49,ANKRD11
C12orf49,MESDC1
C12orf49,EPT1
C12orf49,PHF12
C12orf49,MPC1
C12orf49,SMS
C12orf49,PHF14
C12orf49,UBP1
C12orf49,VPS41
C12orf49,TMEM251
C12orf49,REXO2
C12orf49,ZFP36L2
C12orf49,SEMA4C
C12orf49,RABIF
C12orf49,MTBP
C12orf49,SBNO1
C12orf49,VPS39
C12orf49,CLDN12
C12orf49,MRPS31
C12orf49,NCAPH2
C12orf49,SNX14
C12orf49,RNH1
C12orf49,RTF1
C12orf49,SDPR
C12orf49,CENPI
C12orf49,RNF20
C12orf49,DNAJC14
C12orf49,LINS
C12orf49,CYB5B
C12orf49,PPP6R3
C12orf49,TFDP1
C12orf49,TCEB3
C12orf49,RANBP3
C12orf49,ARIH2
C12orf49,HSD17B10
C12orf49,ARHGAP1
C12orf49,PQBP1
C12orf49,NELFA
C12orf49,ARHGEF7
C12orf49,SLC26A2
C12orf49,RAB18
C12orf49,TMEM218
C12orf49,EPC2
C12orf49,CPSF1
C12orf49,SLC35A2
C12orf49,FBXL18
C12orf49,MOGS
C12orf49,CHP1
C12orf49,PTPLB
C12orf49,UQCC1
C12orf49,TAMM41
C12orf49,SCO2
C12orf49,ELOF1
C12orf49,SAV1
C12orf49,AARS
C12orf49,MTO1
C12orf49,COG5
C12orf49,MBTPS1
C12orf49,UNC50
C12orf49,RBM18
C12orf49,CHCHD10
C12orf49,COMP
C12orf49,PARP11
C12orf49,SREBF2
C12orf49,ATRAID
C12orf49,HNRNPA1
TP53,GLIS1
TP53,CNTRL
TP53,EFNB2
TP53,CCDC54
TP53,RGAG4
TP53,PGLYRP4
TP53,PSMC3
TP53,ZNF207
TP53,GLTSCR1L
TP53,SLC2A1
TP53,NFXL1
TP53,ZNF230
TP53,NABP1
TP53,LIMS2
TP53,BRD7
TP53,ERBB3
TP53,IKBKG
TP53,ZMAT2
TP53,CNIH3
TP53,SYT12
TP53,RPUSD4
TP53,THRB
TP53,DAOA
TP53,CD8A
TP53,PRIMA1
TP53,C11orf68
TP53,SETD4
TP53,NR3C2
TP53,ABHD16B
TP53,PCID2
TP53,OR8G2
TP53,SMARCD3
TP53,TRNT1
TP53,C18orf21
TP53,EDC4
TP53,PTCHD3
TP53,TRPT1
TP53,FUT10
TP53,CDK9
TP53,SCLY
TP53,WNT4
TP53,UTF1
TP53,SYT5
TP53,ZNF268
TP53,ORC3
TP53,MAGI3
TP53,FCRL6
TP53,FAM24A
TP53,CAPN7
TP53,LIN54
TP53,C16orf59
TP53,NDUFV3
TP53,SYN2
TP53,GPER1
TP53,CRYGC
TP53,ASTL
TP53,USP4
TP53,PVRIG
TP53,COL14A1
TP53,ERI3
TP53,KCNA5
TP53,POMP
TP53,NKG7
TP53,TMEM86A
TP53,TRIM3
TP53,TAS2R60
TP53,STOML3
TP53,MAD2L2
TP53,TXNL1
TP53,TMED1
TP53,ARL14EPL
TP53,CCDC86
TP53,GNAS
TP53,FAM47E-STBD1
TP53,LOC554223
TP53,FAM174A
TP53,LRRC15
TP53,MB21D2
TP53,ATP2C1
TP53,OTULIN
TP53,KRT5
TP53,KDM1A
TP53,PUM2
TP53,ZNF79
TP53,AKR1A1
TP53,GNPNAT1
TP53,LRRC27
TP53,FUBP3
TP53,GATAD2B
TP53,TBC1D21
TP53,OR2L5
TP53,CHRFAM7A
TP53,TAMM41
TP53,TMEM116
TP53,TRAM1L1
TP53,NTSR2
TP53,WDR83
TP53,URB2
TP53,TGIF2
TP53,NFKBIA
TP53,ZCCHC18
TP53,LOH12CR1
TP53,RAPSN
TP53,OGN
TP53,CADM4
TP53,PRY2
TP53,NKAIN4
TP53,TMCO2
TP53,OR51M1
TP53,RIMBP2
TP53,SSX5
TP53,GATA2
TP53,PRR11
TP53,SLFN5
TP53,DYRK2
TP53,KMT2D
TP53,DCAF10
TP53,GLRA1
TP53,SLC38A10
TP53,BDKRB1
TP53,TRIP12
TP53,POLR2C
TP53,HAGH
TP53,LGR6
TP53,RCC1
TP53,SPATA31A1
TP53,CSN3
TP53,TRIM42
TP53,TAF1C
TP53,PCGF1
TP53,ATN1
TP53,SLC25A34
TP53,POGLUT1
TP53,MPP1
TP53,HMX1
TP53,SST
EGFR,RIC8A
EGFR,UGDH
EGFR,USP22
EGFR,EXT1
EGFR,GNB2
EGFR,MLLT4
EGFR,FGFR1
EGFR,NDST1
EGFR,NCKAP1
EGFR,PPCS
EGFR,ELOVL1
EGFR,PKN2
EGFR,B3GALT6
EGFR,ISOC2
EGFR,MORC2
EGFR,LPAR2
EGFR,ADNP
EGFR,GLCE
EGFR,BLNK
EGFR,EP300
EGFR,TJP1
EGFR,RB1CC1
EGFR,MUC6
EGFR,SPTLC1
EGFR,HS2ST1
EGFR,WNT7B
EGFR,TM9SF3
EGFR,YAP1
EGFR,TAF5L
EGFR,TADA2B
EGFR,GTF2H5
EGFR,C20orf24
EGFR,PARD6B
EGFR,TEAD1
EGFR,ARHGEF18
EGFR,FAM160A2
EGFR,KLHDC9
EGFR,RASSF2
EGFR,PIK3CB
EGFR,CTSH
EGFR,GSS
EGFR,NR0B2
EGFR,TGIF2-C20orf24
EGFR,PDS5B
EGFR,MUC12
EGFR,WASF2
EGFR,STRAP
EGFR,KDSR
EGFR,AMACR
EGFR,GCLC
EGFR,SACM1L
EGFR,SCGB2A1
EGFR,ENHO
EGFR,FANK1
EGFR,FER
EGFR,KSR1
EGFR,DNAL4
EGFR,MOSPD3
EGFR,CRKL
EGFR,INADL
EGFR,ZNF319
EGFR,UBE3B
EGFR,DHRSX
EGFR,CECR6
EGFR,MAN2A2
EGFR,IYD
EGFR,DFFA
EGFR,WDR7
EGFR,VCL
EGFR,AFAP1L2
EGFR,RGS2
EGFR,SLPI
EGFR,CLSPN
EGFR,COPE
EGFR,EIF6
EGFR,SAR1A
EGFR,TM9SF2
EGFR,SP5
EGFR,FAM134A
EGFR,RHOA
EGFR,LRRC10B
EGFR,LEAP2
EGFR,BCAS4
EGFR,CYP4V2
EGFR,GNA13
EGFR,GLYR1
EGFR,CPS1
EGFR,FRS2
EGFR,IGFBP7
EGFR,HAS1
EGFR,ICAM5
EGFR,ITGAV
EGFR,AP3D1
EGFR,TEKT2
EGFR,SEC61B
EGFR,PCDH11Y
EGFR,FAM208A
EGFR,ASXL1
EGFR,PGM1
EGFR,AHSP
EGFR,ICE1
EGFR,TMEM140
EGFR,CAMK2N1
EGFR,DNAJC5
EGFR,DKK1
EGFR,RPS6KA1
EGFR,SCRIB
EGFR,ARPC3
EGFR,SPAG6
EGFR,SIAE
EGFR,C6orf47
EGFR,TCFL5
EGFR,PM20D2
EGFR,DEAF1
EGFR,NFATC2
EGFR,TMEM203
EGFR,NNAT
EGFR,BCAR1
EGFR,GZF1
EGFR,MAS1
EGFR,ARF1
EGFR,MUT
